Country,Year,Population,Pop %,Deaths from All Causes,Deaths from External Causes,ASDR from All Causes,ASDR from External Causes,Raw Ratio,% Deaths Caused by External Factors
Argentina,1979,27791000,0.025585689,234926,16410,892.6,59.5,0.069851783,0.066659198
Australia,1979,14422000,0.013277565,106568,8472,692,57.9,0.079498536,0.08367052
Brazil,1979,118545100,0.10913814,710702,65125,878.2,63.8,0.09163475,0.072648599
Canada,1979,23670600,0.021792257,168183,16557,654.9,67.1,0.098446335,0.102458391
France,1979,53479400,0.049235626,541805,50630,664.8,77.1,0.093446904,0.115974729
Guatemala,1979,6933492,0.006383296,71138,4223,1013.7,76.2,0.059363491,0.075170169
Hungary,1979,10699300,0.009850274,136829,12228,974.7,98.1,0.08936702,0.100646353
Israel,1979,3786400,0.003485936,25700,1633,740.1,46.7,0.063540856,0.063099581
Italy,1979,56913800,0.052397495,538352,29238,697,44.7,0.054310191,0.064131994
Japan,1979,116133100,0.10691754,689664,53003,598.9,44.9,0.076853366,0.07497078
Mexico,1979,67688533,0.062317216,425976,64210,747.7,116.3,0.150736192,0.155543667
Netherlands,1979,14038300,0.012924313,112565,6428,630.3,40.9,0.057104784,0.064889735
Singapore,1979,2363200,0.002175672,12467,876,956.9,42.7,0.070265501,0.044623263
United Kingdom,1979,55881100,0.051446743,675577,25657,785.2,39.3,0.037977906,0.050050942
United States,1979,224567000,0.206746839,1913841,158945,684.8,66.8,0.083050264,0.097546729
Venezuela,1979,14551000,0.013396328,73685,10743,850.3,89.9,0.145796295,0.10572739
WORLD - reporting countries,1979,1086193150,1,7165025,594265,23408.8,1899.2,0.082939697,0.07572006
Argentina,1980,27947500,0.020714734,241125,16418,834.8,58.5,0.068089165,0.070076665
Australia,1980,14615900,0.01083333,108695,8252,686.9,55.5,0.075918856,0.080797787
Brazil,1980,121286200,0.089897536,749644,70104,922.9,67.1,0.093516389,0.072705602
Canada,1980,23936400,0.0177417,171473,15740,648.1,62.6,0.091792877,0.096590032
Egypt,1980,43369552,0.032145585,421227,8789,1078,21.8,0.020865234,0.020222635
France,1980,53713900,0.039812833,547107,50504,659.3,76.2,0.09231101,0.115577127
Guatemala,1980,7118628,0.005276339,71360,7328,987.7,125.2,0.102690583,0.126759137
Hungary,1980,10711100,0.007939085,145355,12284,1015.6,98,0.084510337,0.096494683
Israel,1980,3879000,0.002875121,26278,1363,733.9,37.2,0.051868483,0.050688105
Italy,1980,57069700,0.042300158,554510,31729,700.4,48.2,0.057219888,0.068817818
Jamaica,1980,2142438,0.001587979,10619,149,501,6.9,0.014031453,0.013772455
Japan,1980,117060400,0.086765366,722801,52827,608.3,43.9,0.073086507,0.072168338
Latvia,1980,2511700,0.001861676,32100,3768,956.9,140.2,0.117383178,0.146514787
Mexico,1980,69330974,0.051388235,432547,67918,748.1,120.5,0.157018775,0.161074723
Netherlands,1980,14149800,0.010487856,114279,6095,624.4,38,0.053334383,0.060858424
Russia,1980,138482900,0.102643759,1525755,215300,1028,148.6,0.141110467,0.144552529
Singapore,1980,2414000,0.001789261,12502,897,873.5,40.8,0.07174852,0.046708643
Spain,1980,37541800,0.027826045,289344,15464,634.2,39.3,0.053445034,0.061967833
United Kingdom,1980,55944900,0.041466454,661519,24480,756.5,37.2,0.03700574,0.049173827
United States,1980,227202000,0.168402505,1989841,160551,693.8,66.4,0.080685341,0.095704814
Venezuela,1980,15017000,0.011130626,76834,11610,886.2,94.1,0.15110498,0.106183706
WORLD - reporting countries,1980,1349160451,1,10889829,944727,34743,2874.5,0.086753153,0.085158488
Argentina,1981,28237200,0.019526473,241904,16765,841,59.5,0.069304352,0.070749108
Armenia,1981,3100800,0.002144253,16659,1309,670.3,44.8,0.078576145,0.066835745
Australia,1981,14926800,0.01032212,109003,7887,662.2,51.6,0.072355807,0.077922078
Azerbaijan,1981,6252300,0.004323565,42898,3133,859.9,53.6,0.073033708,0.062332829
Belarus,1981,9699500,0.006707359,93136,9283,813.5,93.2,0.099671448,0.114566687
Brazil,1981,124069500,0.085796033,749355,71734,914.3,67,0.095727659,0.073280105
Canada,1981,24343200,0.01683371,171029,15532,626.8,60.6,0.090815008,0.096681557
El Salvador,1981,4652058,0.003216972,37483,11734,911.7,288,0.313048582,0.315893386
Estonia,1981,1481000,0.001024135,18349,2070,962.2,129.3,0.112812687,0.134379547
France,1981,53965900,0.037318279,554823,50350,655.4,74.9,0.090749663,0.114281355
Guatemala,1981,7310397,0.005055256,71748,13938,1086.6,235.8,0.194263255,0.217007178
Hungary,1981,10711800,0.00740738,144757,12582,1004.4,99.7,0.086918077,0.099263242
Israel,1981,3949700,0.00273128,25941,1249,700.5,33.1,0.04814772,0.047251963
Italy,1981,57195600,0.039551667,545291,29036,671.7,43,0.053248632,0.064016674
Jamaica,1981,2175634,0.001504486,11849,142,543.2,6.7,0.011984134,0.012334315
Japan,1981,117884000,0.081518662,720262,52306,584.8,42.8,0.072620796,0.073187415
Kazakhstan,1981,15077600,0.0104264,120974,15854,986.7,113.8,0.131052954,0.115333941
Kyrgyzstan,1981,3685700,0.00254872,29591,3061,944.8,93.5,0.103443615,0.098962743
Latvia,1981,2519500,0.001742274,32090,3683,955.5,136.9,0.114770957,0.143275772
Lithuania,1981,3432900,0.002373905,35579,4600,853.4,129.7,0.12928975,0.151980314
Mexico,1981,71250300,0.049270716,421762,68918,919.5,124.7,0.163404954,0.135617183
Netherlands,1981,14247200,0.009852165,115515,5904,615.7,36.1,0.051110245,0.058632451
Moldova,1981,4055557,0.002804482,41476,4476,1128.9,111.7,0.107917832,0.098945877
Russia,1981,139221500,0.096273882,1524286,215598,1008.8,147.6,0.14144196,0.14631245
Singapore,1981,2443300,0.001689581,12855,935,862.6,42.6,0.072734345,0.049385578
Spain,1981,37750800,0.026105279,293386,15287,626.5,38.3,0.052105417,0.06113328
Ukraine,1981,50169800,0.034693215,568789,53402,926.8,100.3,0.093887188,0.108221839
United Kingdom,1981,56316000,0.03894341,657974,23723,728.2,35.6,0.036054616,0.048887668
United States,1981,229348000,0.158597791,1977981,155576,675.4,63.6,0.078653941,0.09416642
Venezuela,1981,15480600,0.010705081,80346,11567,872.1,89.4,0.143964852,0.10251118
WORLD - reporting countries,1981,1446098323,1,11598895,1062201,45562,4277.3,0.091577775,0.089370218
Argentina,1982,29158000,0.020759018,232638,15531,787.1,52.8,0.066760374,0.067081692
Armenia,1982,3132700,0.002230324,17469,1258,694.9,42,0.072013281,0.060440351
Australia,1982,15178400,0.010806251,114071,8202,674.3,52.5,0.071902587,0.07785852
Azerbaijan,1982,6350600,0.004521305,42376,2940,842,50,0.069378894,0.059382423
Belarus,1982,9768300,0.006954534,93840,9334,808,92.4,0.099467178,0.114356436
Brazil,1982,126894500,0.09034245,740966,73398,893.6,67.2,0.099057177,0.075201432
Canada,1982,24625000,0.017531751,174413,14165,638,54.7,0.081215276,0.085736677
El Salvador,1982,5001000,0.003560458,33309,8350,961.3,203.1,0.250682999,0.211276397
Estonia,1982,1489400,0.001060377,17893,1931,932.7,120,0.107919298,0.128658733
France,1982,54480400,0.038787283,543104,50534,635.3,74.4,0.093046636,0.117110027
Hungary,1982,10705100,0.007621488,144318,12281,995.5,96.8,0.0850968,0.097237569
Israel,1982,4026700,0.002866806,27601,1218,729.2,32,0.044128836,0.043883708
Italy,1982,56639500,0.040324452,534935,28826,675.9,43.3,0.053886921,0.064062731
Japan,1982,118693300,0.084503612,711883,53048,554.5,42.5,0.074517863,0.076645627
Kazakhstan,1982,15253500,0.010859719,120165,15419,966.1,109.5,0.128315233,0.113342304
Kyrgyzstan,1982,3759300,0.002676431,29194,3111,925.4,93.6,0.106562992,0.101145451
Latvia,1982,2531100,0.001802015,31234,3607,921.4,132.3,0.115483127,0.143585848
Lithuania,1982,3457100,0.00246128,35040,4457,830.4,124.6,0.127197489,0.15004817
Mexico,1982,73120500,0.052058089,409777,67481,891.2,120,0.164677373,0.13464991
Netherlands,1982,14312700,0.010189917,117264,5936,612,36,0.050620821,0.058823529
Moldova,1982,4097948,0.002917531,41046,4508,1085.8,111.4,0.109827998,0.102597163
Russia,1982,140066800,0.09972046,1504200,206358,974.4,139.3,0.137187874,0.14295977
Singapore,1982,2471800,0.001759796,12895,966,841.5,42.3,0.074912757,0.05026738
Spain,1982,37961300,0.027026521,286655,14681,595.6,36.1,0.051214875,0.060611148
Ukraine,1982,50357500,0.035851987,568231,52584,910.7,97.7,0.09253983,0.107280114
United Kingdom,1982,56315840,0.040094023,662802,23502,725.7,35.1,0.035458553,0.048367094
United States,1982,231534000,0.164840469,1974797,147894,658.8,59.6,0.074890736,0.090467517
Venezuela,1982,15944300,0.011351533,78329,11773,847.3,87.3,0.150301932,0.103033164
WORLD - reporting countries,1982,1404594402,1,11404335,1019858,43509.8,3889.4,0.089427222,0.090418516
Argentina,1983,29630000,0.020138274,250844,16980,837.3,56.5,0.067691474,0.067478801
Australia,1983,15378600,0.010452192,110148,7447,635,46.9,0.067609035,0.073858268
Brazil,1983,129756100,0.088189804,770736,77953,884.5,67.7,0.101140987,0.076540418
Canada,1983,24889800,0.016916558,174484,14088,601.5,53.1,0.080740928,0.088279302
El Salvador,1983,5229000,0.003553933,32715,7376,928.3,170.2,0.225462326,0.183345901
France,1983,54728300,0.037196541,559655,51011,641.1,73.7,0.091147225,0.114958665
Hungary,1983,10689500,0.007265207,148643,12946,1023.5,101.9,0.087094582,0.099560332
Israel,1983,4037600,0.002744188,27641,1653,686.3,42.2,0.059802467,0.061489145
Italy,1983,56835800,0.03862892,564330,28769,696.9,42.5,0.050979037,0.060984359
Jamaica,1983,2243000,0.001524473,13646,546,686.3,26.3,0.040011725,0.038321434
Japan,1983,118786000,0.080733885,740038,58059,557.1,45.8,0.078454079,0.082211452
Latvia,1983,2546100,0.001730478,32329,3748,940.3,136.9,0.115933063,0.145591832
Mexico,1983,75103000,0.051044374,410860,59951,916.2,108,0.145915884,0.117878193
Netherlands,1983,14367100,0.009764718,117761,6072,604.4,36.4,0.051562062,0.060225017
Russia,1983,141056200,0.09587001,1563995,138791,993.9,93.5,0.088741332,0.09407385
Singapore,1983,2502000,0.001700505,13320,1084,857.8,47.8,0.081381381,0.055723945
Spain,1983,38172100,0.025943983,302569,16225,610.6,39.3,0.053624132,0.064362922
United Kingdom,1983,56352320,0.038300319,659101,22682,713,33.6,0.034413542,0.047124825
United States,1983,233981000,0.159027117,2019201,144091,663.2,57.2,0.071360404,0.086248492
Venezuela,1983,16394200,0.011142453,76725,11697,810.7,84.8,0.152453568,0.104600962
WORLD - reporting countries,1983,1471327686,1,10525530,841196,33086.9,2782,0.079919586,0.073111558
Argentina,1984,30093700,0.02250012,254452,16065,851.3,54.4,0.06313568,0.063902267
Australia,1984,15555900,0.011630661,113312,7547,635.7,46.6,0.066603714,0.073305018
Brazil,1984,132647800,0.09917662,809190,82292,922.8,69.6,0.101696758,0.075422627
Canada,1984,25127900,0.018787347,175727,14001,589.2,52,0.079674723,0.088255261
Colombia,1984,28109800,0.02101682,137189,24455,862.8,99.3,0.178257732,0.115090403
El Salvador,1984,5388600,0.004028888,28870,5956,830.7,137.1,0.206304122,0.165041531
France,1984,54946700,0.041081933,542490,50315,613.5,71.9,0.092748253,0.117196414
Guatemala,1984,7740000,0.005786956,66260,4028,1092.5,67.3,0.060790824,0.061601831
Hungary,1984,10668100,0.007976205,146709,12876,1004.8,101,0.087765577,0.100517516
Israel,1984,4159100,0.003109629,27805,1702,674.3,42.4,0.061212012,0.062880024
Italy,1984,57004900,0.042620785,534676,26996,647.6,39.3,0.05049039,0.060685608
Japan,1984,119523000,0.089363617,740247,57128,537.8,44.1,0.07717424,0.082000744
Latvia,1984,2562000,0.001915527,33406,3584,955.7,129.4,0.107286116,0.135398137
Mexico,1984,75721210,0.056614385,407278,60449,657.8,96.5,0.148421962,0.146701125
Netherlands,1984,14424200,0.010784524,119812,6021,601.6,35.5,0.050253731,0.059009309
Russia,1984,142060800,0.106214426,1650866,144894,1035.3,96.9,0.08776848,0.093596059
Singapore,1984,2529100,0.001890929,13161,1095,821.5,45.2,0.083200365,0.055021302
Spain,1984,38341800,0.028666967,299409,15803,589.5,38.1,0.052780645,0.064631043
United Kingdom,1984,56459780,0.042213215,644918,22402,689.8,33,0.034736199,0.047839954
United States,1984,236494000,0.176819183,2039369,145012,652,56.7,0.071106308,0.08696319
WORLD - reporting countries,1984,1337490631,1,10666512,856669,33854.1,2800.9,0.080313883,0.083935826
Argentina,1985,30564000,0.019796715,239181,14633,793.2,48.6,0.061179609,0.061270802
Armenia,1985,3231600,0.002093151,19581,1341,737.9,42.7,0.068484756,0.05786692
Australia,1985,15758400,0.010206928,117806,7902,642,48,0.06707638,0.074766355
Azerbaijan,1985,6658700,0.00431293,45179,2678,851.4,43.7,0.059275327,0.051327226
Bahrain,1985,417200,0.000270226,1097,62,586.3,14.9,0.056517776,0.025413611
Belarus,1985,9957700,0.006449737,105690,8686,864.9,84,0.082183745,0.097121054
Brazil,1985,135563900,0.087806568,787341,85759,894,71.2,0.108922309,0.079642058
Canada,1985,25358600,0.016425108,181323,13417,590.5,49,0.073995025,0.082980525
Colombia,1985,28713800,0.018598316,153947,29218,951.3,115.3,0.189792591,0.121202565
Croatia,1985,4701700,0.003045355,52067,3841,888,72.8,0.073770334,0.081981982
Estonia,1985,1519000,0.000983877,19343,1756,967,106.5,0.090782195,0.110134436
France,1985,55170400,0.035734613,552496,49746,611.4,69.7,0.090038661,0.114000654
Hungary,1985,10648700,0.006897307,147614,13275,1004.7,103.8,0.089930494,0.103314422
Israel,1985,4232900,0.002741706,28029,1943,661.9,47.2,0.06932106,0.071309866
Italy,1985,57141500,0.037011321,547436,28736,644.6,40.8,0.052491981,0.063295067
Jamaica,1985,2311000,0.001496866,13860,402,696.9,19,0.029004329,0.027263596
Japan,1985,120265700,0.077897718,752283,56394,526.1,42.7,0.07496381,0.081163277
Kazakhstan,1985,15780300,0.010221113,126786,14917,983.8,101.7,0.117654946,0.10337467
Kyrgyzstan,1985,3990300,0.002584571,32332,2741,963.3,76.1,0.084776692,0.078999273
Latvia,1985,2578900,0.001670388,34166,3056,965.3,109.1,0.089445648,0.113021858
Lithuania,1985,3544500,0.002295821,39169,4203,877.3,113.1,0.107304246,0.128918272
Mexico,1985,79375000,0.051412259,410937,63681,848.6,103.2,0.15496536,0.121612067
Netherlands,1985,14491700,0.00938647,122704,5567,602.2,32.3,0.045369344,0.053636666
Moldova,1985,4214253,0.002729629,46075,4636,1171.2,110.7,0.100618557,0.094518443
Russia,1985,143033400,0.092644664,1625266,186433,1004.6,123.5,0.114709223,0.122934501
Singapore,1985,2558000,0.001656851,13347,1082,807,45.1,0.081066906,0.055885998
Spain,1985,38504800,0.024940079,312532,15667,598.3,37.6,0.050129267,0.062844727
Ukraine,1985,50914000,0.032977685,617548,46942,942.7,85.9,0.076013524,0.091121247
United Kingdom,1985,56616690,0.036671395,670656,22574,702.5,32.8,0.033659581,0.046690391
United States,1985,238740000,0.154635121,2086440,145648,653.3,56.3,0.069806944,0.086177866
Venezuela,1985,17316600,0.011216196,79356,10550,807.3,74.7,0.132945209,0.092530658
WORLD - reporting countries,1985,1543892474,1,12384124,1043237,48065.4,3884.7,0.08423987,0.084454782
Argentina,1986,30737100,0.019638332,239599,16475,795.6,54.7,0.068760721,0.068753142
Armenia,1986,3266800,0.002087201,19410,1255,720.9,39.7,0.064657393,0.055070051
Australia,1986,16018400,0.010234364,114337,7792,596.7,46.3,0.068149418,0.077593431
Azerbaijan,1986,6757400,0.004317391,45344,3083,835.7,48.7,0.067991355,0.0582745
Belarus,1986,10014600,0.006398458,97276,7560,785.2,72.8,0.077717011,0.092715232
Brazil,1986,135608500,0.086642031,810460,95843,883.2,78.5,0.118257533,0.088881341
Canada,1986,25309300,0.01617044,184224,13741,592,50.1,0.074588544,0.084628378
Colombia,1986,29324900,0.018736059,146346,30210,881.6,115.3,0.206428601,0.130784936
Croatia,1986,4722000,0.003016947,51740,3641,865.2,68.2,0.070371086,0.078825705
Estonia,1986,1532000,0.000978815,17986,1525,885.9,91.6,0.084788169,0.103397675
France,1986,55394200,0.035392073,546926,49701,618.9,70.2,0.090873354,0.113427048
Guatemala,1986,8320498,0.005316074,66328,5133,912.2,79.7,0.077388132,0.087371191
Hungary,1986,10630600,0.006792028,147089,12983,994.3,101,0.088266288,0.101579
Israel,1986,4298800,0.002746559,29413,1989,673.5,47,0.06762316,0.069784707
Italy,1986,57246400,0.036575468,544489,28161,625.7,39.2,0.051720053,0.062649832
Jamaica,1986,2333427,0.001490857,12063,161,485.3,6.1,0.013346597,0.012569545
Japan,1986,120946000,0.077273969,750620,57825,503.3,42.8,0.077036317,0.085038744
Kazakhstan,1986,15965100,0.01020031,119149,13300,912.4,88.1,0.11162494,0.096558527
Kyrgyzstan,1986,4066600,0.002598204,29083,2460,852.4,65,0.084585497,0.076255279
Latvia,1986,2599900,0.00166111,31328,2718,872.3,96.7,0.086759448,0.110856357
Lithuania,1986,3578900,0.002286606,35788,3536,785.6,93.9,0.098804068,0.119526477
Mexico,1986,81204000,0.051882289,396561,62544,817.4,99.7,0.157715963,0.121972107
Netherlands,1986,14572200,0.009310368,125307,5597,603.7,31.9,0.0446663,0.052840815
Moldova,1986,4253958,0.002717909,40437,4177,1011.5,98.6,0.103296486,0.097478992
Russia,1986,144155800,0.092103012,1497975,149541,909.1,98.7,0.099828769,0.108568914
Singapore,1986,2586200,0.001652357,12819,1024,752.9,41.5,0.079881426,0.055120202
Spain,1986,38604000,0.024664597,310413,16365,582.8,38.8,0.052720086,0.066575154
Ukraine,1986,51076500,0.032633439,565150,41787,849.5,76.8,0.073939662,0.090406121
United Kingdom,1986,56760660,0.036265122,660735,22413,684.9,32.3,0.033921315,0.047160169
United States,1986,241080000,0.154029141,2105361,151032,647.5,57.7,0.071736866,0.089111969
Venezuela,1986,17790200,0.01136639,78436,10678,776.4,71.9,0.136136468,0.092606904
WORLD - reporting countries,1986,1565158377,1,12419662,1032185,47751.3,3885.3,0.083108945,0.085734803
Argentina,1987,31138000,0.019215122,247868,16490,817.6,54.1,0.066527345,0.066169276
Armenia,1987,3302300,0.002037835,19727,1430,726.3,45.1,0.072489481,0.062095553
Australia,1987,16263300,0.01003601,118143,7963,598.1,46.2,0.06740137,0.077244608
Azerbaijan,1987,6860900,0.004233831,45744,2992,834.2,46.9,0.065407485,0.05622153
Bahrain,1987,416200,0.000256835,1569,124,890.2,36.1,0.07903123,0.040552685
Belarus,1987,10066300,0.006211869,99921,7596,795.1,72.7,0.076020056,0.09143504
Brazil,1987,142437479,0.087897537,798818,94382,744.8,72.3,0.11815207,0.09707304
Canada,1987,25625100,0.015813136,184953,14209,577.7,51.1,0.076824923,0.088454215
Colombia,1987,32324326,0.019947198,151957,32179,610,108.2,0.211763854,0.177377049
Croatia,1987,4740100,0.002925095,53080,4104,871.2,75.6,0.077317257,0.08677686
Egypt,1987,52173840,0.032196245,466161,19185,1111.1,38,0.041155309,0.034200342
Estonia,1987,1546500,0.000954338,18279,1576,885,93.6,0.086219159,0.105762712
France,1987,55630200,0.03432915,527466,46677,568.8,64.3,0.088492908,0.113045007
Guatemala,1987,8523785,0.00525999,66404,5736,904.4,87.8,0.086380339,0.097080938
Hungary,1987,10612700,0.00654905,142601,12828,960.2,99.5,0.089957293,0.103624245
Israel,1987,4368900,0.002696029,29244,2035,655.7,47.1,0.069586924,0.07183163
Italy,1987,57344800,0.035387222,532771,28256,599.8,38.8,0.05303592,0.064688229
Jamaica,1987,2348572,0.001449293,13800,747,538.7,32.7,0.054130435,0.060701689
Japan,1987,121534000,0.074998093,751172,55671,482.8,40.3,0.074112187,0.083471417
Kazakhstan,1987,16166700,0.009976399,122835,13877,926.7,90.2,0.112972687,0.097334628
Kyrgyzstan,1987,4144500,0.002557553,30597,2933,881.3,77.5,0.095859071,0.087938273
Latvia,1987,2626600,0.001620863,32150,2638,879.6,91.9,0.082052877,0.104479309
Lithuania,1987,3616300,0.002231603,36917,3564,794.2,92.7,0.096540889,0.116721229
Mexico,1987,79108000,0.048817196,404699,61423,820.6,97.1,0.151774529,0.118328053
Netherlands,1987,14665100,0.009049768,122199,5454,577.8,30.7,0.044632116,0.053132572
Moldova,1987,4288508,0.002646419,40185,3915,988.5,91.3,0.097424412,0.092362165
Russia,1987,145386100,0.089717118,1531585,147614,912.6,96.6,0.096379894,0.105851414
Singapore,1987,2612800,0.001612347,13170,931,747.3,36.8,0.070690964,0.049243945
Spain,1987,38716400,0.023891719,310073,17411,567.6,41,0.056151293,0.072233968
Sweden,1987,8397800,0.005182245,93315,5054,567.6,46.1,0.054160639,0.081219168
Ukraine,1987,51237600,0.031618496,586387,43460,866.4,79.3,0.074114876,0.091528163
United Kingdom,1987,56923920,0.035127499,644342,21298,658.3,30.9,0.033053875,0.046939086
United States,1987,243400000,0.150201061,2123323,149942,640.7,56.6,0.07061667,0.088340877
Venezuela,1987,18270000,0.011274336,80991,10915,790,73.1,0.134768061,0.092531646
WORLD - reporting countries,1987,1620494545,1,13041253,1051135,50003.7,4029.5,0.080600767,0.086351247
Argentina,1988,31535000,0.020651143,252949,17017,788,54.2,0.067274431,0.068781726
Armenia,1988,3310400,0.002167863,35567,17159,1223.5,526.8,0.482441589,0.430568043
Australia,1988,16538200,0.010830275,118965,8209,584.8,46.6,0.069003488,0.079685363
Azerbaijan,1988,6963500,0.004560147,47485,3215,856.8,48.5,0.067705591,0.056605976
Bahrain,1988,452400,0.000296261,1523,107,849.4,28.4,0.070256074,0.033435366
Belarus,1988,10120100,0.006627291,102671,8446,805.6,80.3,0.082262762,0.099677259
Brazil,1988,145150468,0.095053848,833369,96083,763.5,71.6,0.115294665,0.093778651
Canada,1988,25923300,0.016976242,190011,13628,575.8,48.1,0.071722163,0.08353595
Colombia,1988,32975533,0.021594497,153069,35110,599,114.3,0.229373681,0.19081803
Croatia,1988,4756800,0.003115058,52686,4178,856.1,76.3,0.079300004,0.089125102
Estonia,1988,1559600,0.001021326,18551,1600,883.6,94.7,0.08624872,0.107175192
France,1988,55883700,0.036596236,524600,47184,556,64.2,0.089942814,0.115467626
Guatemala,1988,8729406,0.005716576,64100,5882,880,87.8,0.091762871,0.099772727
Hungary,1988,10596500,0.006939269,140042,12321,934.8,94.7,0.087980749,0.101305092
Israel,1988,4441600,0.002908645,29176,1956,638.8,44.7,0.067041404,0.069974953
Italy,1988,57451900,0.037623194,539426,28624,592.3,38.4,0.053063812,0.064832011
Jamaica,1988,2360159,0.001545584,11755,170,450.8,7.2,0.014461931,0.015971606
Japan,1988,122026000,0.079910461,793014,56655,490.2,40.3,0.071442623,0.082211342
Kazakhstan,1988,16361800,0.010714757,126898,14600,948,93.1,0.115053035,0.098206751
Kyrgyzstan,1988,4218500,0.002762545,31879,3262,920.1,84.2,0.102324414,0.091511792
Latvia,1988,2653800,0.001737879,32421,2933,875.7,101.6,0.090466056,0.116021469
Lithuania,1988,3654700,0.002393332,37649,3952,798.2,102.6,0.104969588,0.128539213
Mexico,1988,80884000,0.052968038,411462,60294,823.9,93.1,0.146536011,0.11299915
Netherlands,1988,14760100,0.009665861,124163,5217,572.3,28.8,0.042017348,0.050323257
Moldova,1988,4318494,0.002828027,40912,4390,989.8,102.1,0.107303481,0.103152152
Russia,1988,146493700,0.095933483,1569112,162706,922.1,105.7,0.103693044,0.11462965
Singapore,1988,2598500,0.001701665,13689,959,725.1,37.9,0.07005625,0.052268653
Spain,1988,38809000,0.025414625,319437,18171,570.5,42.4,0.056884456,0.074320771
Sweden,1988,8436400,0.005524697,96756,5235,576.8,47.2,0.054105172,0.081830791
Ukraine,1988,51377600,0.033645352,600725,45627,874.1,83,0.075953223,0.094954811
United Kingdom,1988,57056240,0.03736409,649178,21757,654.7,31.5,0.033514691,0.04811364
United States,1988,245807000,0.160970209,2167999,152572,641.6,57.1,0.070374571,0.088996259
Venezuela,1988,18454000,0.012084864,81605,11041,761.2,70.9,0.135298082,0.093142407
WORLD - reporting countries,1988,1527034109,1,12589188,1058993,48451.7,4474.5,0.084119246,0.09068285
Argentina,1989,31930000,0.020722689,250815,17336,765.9,54.6,0.069118673,0.07128868
Armenia,1989,3306200,0.002145736,20853,2143,779.2,69.1,0.102766988,0.088680698
Australia,1989,16814400,0.010912608,125238,8196,599.4,45.6,0.065443396,0.076076076
Azerbaijan,1989,6967600,0.004521998,44016,2998,802.3,46.6,0.068111596,0.058083011
Belarus,1989,10180800,0.006607377,103479,9904,806.2,93.9,0.095710241,0.116472339
Brazil,1989,147801816,0.09592393,814726,102139,732.6,73.7,0.125366074,0.100600601
Canada,1989,26218500,0.017015904,190965,13814,562.6,48.2,0.072337863,0.085673658
Colombia,1989,33624442,0.021822388,154694,36228,592.4,114.2,0.234191371,0.192775152
Croatia,1989,4767100,0.003093866,52569,4095,838.5,73.8,0.07789762,0.088014311
Estonia,1989,1568131,0.001017723,18536,1763,881.5,105.1,0.095112214,0.119228588
France,1989,56160100,0.036448114,529283,48205,549.3,64.8,0.091076041,0.117968323
Guatemala,1989,8940285,0.005802278,61548,5828,820.7,84.3,0.094690323,0.102717193
Hungary,1989,10577900,0.006865097,144695,12889,961.5,99.4,0.089077024,0.103380135
Israel,1989,4518200,0.002932329,28580,1974,609,43.8,0.069069279,0.071921182
Italy,1989,57540600,0.037344064,531853,28279,570.5,37.7,0.053170707,0.066082384
Jamaica,1989,2371713,0.001539251,12190,171,458.4,6.9,0.014027892,0.015052356
Japan,1989,122460000,0.079476997,788594,55545,470.5,38.8,0.070435484,0.082465462
Kazakhstan,1989,16536900,0.01073251,126378,16677,934.7,106.1,0.131961259,0.113512357
Kyrgyzstan,1989,4294200,0.002786952,31156,3758,917.7,97.3,0.120618821,0.106025934
Latvia,1989,2670000,0.00173284,32584,3489,882.4,121,0.107077093,0.13712602
Lithuania,1989,3684255,0.002391095,38150,4349,800.6,111.9,0.113997379,0.139770172
Mexico,1989,82676000,0.053657032,421836,59557,814.5,89.1,0.1411852,0.109392265
Netherlands,1989,14848800,0.009636927,128905,5628,582.4,30.4,0.04366006,0.052197802
Moldova,1989,4347369,0.002821459,40113,4564,953.6,106.2,0.113778576,0.11136745
Russia,1989,147330600,0.095618109,1583743,186188,918.3,120.5,0.117562003,0.131220734
Singapore,1989,2647700,0.001718367,14059,1040,719.4,39.6,0.073973967,0.055045872
Spain,1989,38888200,0.025238587,324796,19333,567.6,44.9,0.059523516,0.079105004
Sweden,1989,8493000,0.005511989,92094,5168,541.3,46.4,0.056116577,0.085719564
Ukraine,1989,51515500,0.033433752,600590,52476,864.8,95.5,0.087374082,0.110430157
United Kingdom,1989,57231090,0.037143191,657733,21031,651.5,30.4,0.031974981,0.04666155
United States,1989,248240000,0.161108686,2150466,150869,625.6,56.1,0.070156422,0.089673913
Venezuela,1989,18888000,0.012258382,84886,11603,758.6,71.4,0.136689207,0.094120749
WORLD - reporting countries,1989,1540823192,1,12571272,1094016,46509.5,4150.7,0.087025084,0.094545797
Argentina,1990,32322000,0.019104833,256796,16639,766.9,51.3,0.064794623,0.066892685
Armenia,1990,3351600,0.001981058,21993,1972,797.6,61.1,0.089664893,0.076604814
Australia,1990,17065200,0.01008687,118915,7741,555.9,42.3,0.065096918,0.076092822
Azerbaijan,1990,7020400,0.004149606,42819,3206,781.1,49.5,0.074873304,0.063372167
Belarus,1990,10211900,0.006036033,109582,10260,846.6,96.9,0.093628516,0.114457831
Brazil,1990,150393143,0.088894124,816434,100544,944.6,74.3,0.123150187,0.078657633
Canada,1990,26579300,0.015710448,191973,13060,550.1,44.6,0.0680304,0.081076168
Colombia,1990,34271563,0.020257177,154685,37730,706.8,118.1,0.243915053,0.167091115
Croatia,1990,4778000,0.002824172,52192,4381,819,78.4,0.083940067,0.095726496
El Salvador,1990,5252082,0.003104392,28224,5431,828.9,124.1,0.192424887,0.149716492
Estonia,1990,1569174,0.000927505,19531,2056,925.2,123.3,0.105268547,0.133268482
France,1990,56735100,0.033534887,526201,48254,535.8,63.5,0.0917026,0.118514371
Germany,1990,79364500,0.046910634,921445,45963,651.9,44.4,0.049881436,0.068108606
Guatemala,1990,9158547,0.005413418,73344,6367,1067.3,94,0.0868101,0.088072707
Hungary,1990,10373988,0.006131839,145660,13275,984,104.3,0.091136894,0.105995935
Israel,1990,4660100,0.002754484,28734,1859,585.3,39.9,0.064696875,0.068170169
Italy,1990,57661300,0.034082344,543708,29187,566.7,38.3,0.053681388,0.06758426
Jamaica,1990,2385806,0.001410198,12172,142,559.1,6.5,0.011666119,0.011625827
Japan,1990,122721400,0.072537957,820305,55612,471.6,38,0.067794296,0.08057676
Kazakhstan,1990,16669700,0.009853098,128787,17325,931.2,109,0.134524447,0.117053265
Kyrgyzstan,1990,4362000,0.002578284,30580,4050,912,105.5,0.132439503,0.115679825
Latvia,1990,2670700,0.001578593,34812,3728,940,129.1,0.107089509,0.137340426
Lithuania,1990,3697839,0.002185712,39760,4461,823.9,113.4,0.112198189,0.137638063
Mexico,1990,84486000,0.049937842,421736,58677,791.3,85.6,0.139132064,0.108176419
Netherlands,1990,14951500,0.008837507,128824,5306,572.6,28.5,0.041187977,0.049772965
Moldova,1990,4361734,0.002578126,42427,4462,1010.6,104,0.105168878,0.102909163
Russia,1990,147913000,0.087428166,1655993,198309,943.7,127.4,0.119752318,0.13500053
Singapore,1990,2735900,0.001617131,13889,1008,653.5,37.4,0.072575419,0.057230298
Spain,1990,38959200,0.023027938,333142,18867,568.9,43.1,0.056633508,0.075760239
Sweden,1990,8558800,0.005058921,95142,4995,546.6,43.6,0.052500473,0.079765825
Ukraine,1990,51636800,0.030521392,629602,55636,895.1,100.4,0.088366937,0.112166238
United Kingdom,1990,57395670,0.033925335,641799,21295,629.5,30.9,0.03318017,0.049086577
United States,1990,248709800,0.147006967,2148463,150211,622.2,55.6,0.069915563,0.089360334
Venezuela,1990,19501800,0.011527091,90072,11928,797.8,71.9,0.132427391,0.090122838
WORLD - reporting countries,1990,1691823213,1,13964749,1199146,48026.7,4316.6,0.085869499,0.090817035
Argentina,1991,32967000,0.018894538,253996,17027,753.5,51.8,0.067036489,0.068745853
Armenia,1991,3611800,0.002070049,23428,1915,773.3,55.2,0.081739799,0.071382387
Australia,1991,17284000,0.009906064,118520,7525,537,40.5,0.063491394,0.075418994
Azerbaijan,1991,7175000,0.004112243,44659,3321,796.6,49.3,0.07436351,0.061888024
Belarus,1991,10232900,0.005864832,114650,11149,881.4,104.8,0.097243785,0.118901747
Brazil,1991,152916852,0.087641984,802292,101824,887.7,73.8,0.126916385,0.083136195
Canada,1991,27296900,0.015644806,195568,13237,538.6,43.9,0.067684897,0.081507612
Colombia,1991,34916770,0.020012019,163692,43443,715.8,131.8,0.265394766,0.184129645
Croatia,1991,4786100,0.002743081,54832,7325,866,138.7,0.133589875,0.160161663
Egypt,1991,57689828,0.033064054,391588,16598,902.2,30.5,0.042386386,0.033806251
El Salvador,1991,5321576,0.003049981,27096,5406,792.7,125.3,0.199512843,0.158067365
Estonia,1991,1561314,0.000894844,19715,2212,932.2,131,0.112198833,0.140527784
France,1991,57055400,0.032700441,524685,47206,528.1,61.7,0.089970173,0.116833933
Germany,1991,79984300,0.045841794,911245,46679,639.4,44.7,0.051225521,0.06990929
Guatemala,1991,9385000,0.005378871,72896,7167,1103.3,103.8,0.098318152,0.094081392
Hungary,1991,10373400,0.005945358,144813,12884,974.5,100.9,0.088969913,0.103540277
Israel,1991,4946200,0.00283484,31266,1797,588.4,35.8,0.057474573,0.060842964
Italy,1991,57251700,0.032812947,553833,30180,565.4,39.7,0.054492961,0.070215776
Jamaica,1991,2403082,0.00137729,11181,176,504.1,7.8,0.015740989,0.01547312
Japan,1991,123102000,0.070554052,829797,56362,460.4,37.6,0.067922637,0.081668115
Kazakhstan,1991,16806300,0.009632277,134572,18118,957.6,112.5,0.134634248,0.117481203
Kyrgyzstan,1991,4420700,0.002533657,30859,3987,925.1,103.1,0.129200557,0.111447411
Latvia,1991,2662400,0.001525914,34778,4185,948.4,145.7,0.120334694,0.153627162
Lithuania,1991,3704134,0.002122968,41013,5241,852.4,134.1,0.12778875,0.157320507
Mexico,1991,86313000,0.049468992,410425,59174,759.1,83,0.144177377,0.109340008
Netherlands,1991,15069600,0.008636914,129958,5445,566.6,28.8,0.041898152,0.050829509
Moldova,1991,4360475,0.00249914,45852,4903,1100.4,114.5,0.106930995,0.104053072
Russia,1991,148244800,0.084964268,1690657,211355,950.6,135.3,0.12501353,0.142331159
Singapore,1991,2794700,0.00160174,12910,852,593.2,32.2,0.065995352,0.054281861
Spain,1991,39024900,0.022366532,337691,18533,564.6,42,0.054881534,0.074388948
Sweden,1991,8613700,0.004936812,94936,4920,538.2,42.4,0.051824387,0.078781122
Ukraine,1991,51745900,0.029657381,669957,60989,946,109.4,0.091034201,0.11564482
United Kingdom,1991,57790130,0.03312154,646181,20561,621.1,29.6,0.031819258,0.047657382
United States,1991,252177000,0.144531439,2169518,149187,613.2,54.6,0.068765044,0.089041096
WORLD - reporting countries,1991,1744789936,1,14357829,1231344,48017.1,4379.6,0.085761155,0.090913749
Argentina,1992,33421000,0.018252364,260153,17806,763.6,53.6,0.068444339,0.070193819
Armenia,1992,3685600,0.002012834,25825,2554,828.7,71.8,0.098896418,0.086641728
Australia,1992,17482600,0.009547852,122908,7308,539.2,38.7,0.059459108,0.071772997
Azerbaijan,1992,7265700,0.00396805,51258,7067,888.6,98.8,0.137871162,0.111186135
Belarus,1992,10297800,0.005623985,116674,12372,891.1,115.5,0.106039049,0.129615082
Brazil,1992,155379009,0.08485785,825240,98769,884.3,69.3,0.119685182,0.07836707
Canada,1992,28435600,0.015529664,196535,13116,517.4,41.6,0.066736205,0.08040201
Colombia,1992,33890800,0.018508938,167743,44395,741.5,137.9,0.26466082,0.185974376
Croatia,1992,4782200,0.002611725,51800,6346,820,120.8,0.122509653,0.147317073
Egypt,1992,58922018,0.032179352,382465,16077,872.5,28.9,0.042035219,0.033123209
El Salvador,1992,5314800,0.002902596,27900,5164,862.2,120.4,0.185089606,0.139642774
Estonia,1992,1533091,0.000837274,20126,2357,960.1,142,0.117112193,0.14790126
France,1992,57373600,0.031333707,521530,46531,516.8,60,0.089220179,0.116099071
Germany,1992,80594500,0.044015443,885443,44751,615.1,42.5,0.050540803,0.069094456
Guatemala,1992,9619113,0.00525333,73124,7599,1107.9,105.8,0.10391937,0.095495983
Hungary,1992,10369341,0.005663056,148781,13088,996.6,101.8,0.087968222,0.102147301
Israel,1992,5123500,0.002798121,33327,1932,598.1,37,0.057971014,0.061862565
Italy,1992,56772923,0.031005657,546690,29272,553.3,38.5,0.053544056,0.069582505
Japan,1992,123476000,0.067434514,856643,58952,457.4,38.4,0.068817465,0.083952777
Kazakhstan,1992,16967700,0.009266648,137705,18669,968.7,115.5,0.135572419,0.11923196
Kyrgyzstan,1992,4460600,0.002436088,32164,3741,957.1,95.2,0.11631016,0.09946714
Latvia,1992,2631600,0.001437208,35430,4465,975.6,156.5,0.126023144,0.160414104
Lithuania,1992,3700115,0.002020761,41455,5212,857.4,133,0.125726692,0.155120131
Mexico,1992,86385700,0.047178218,409427,60018,777.6,84,0.146590235,0.108024691
Netherlands,1992,15184100,0.008292562,129887,5424,556.8,28.3,0.041759375,0.050826149
Moldova,1992,4351225,0.002376354,44635,5262,1070.1,123.4,0.117889549,0.115316326
Russia,1992,148310200,0.080997329,1807441,257199,1007.3,163,0.142300081,0.161818723
Singapore,1992,2849800,0.001556374,13298,871,590.3,31.9,0.065498571,0.054040318
Spain,1992,39005700,0.021302362,331515,17227,540.1,38.8,0.051964466,0.071838548
Sweden,1992,8668100,0.004733949,94226,4582,522.7,39,0.048627767,0.074612588
Ukraine,1992,51895700,0.028342036,697106,66986,978.9,119.5,0.096091556,0.122075799
United Kingdom,1992,57987020,0.031668717,634239,19812,601.8,28.4,0.031237436,0.047191758
United States,1992,255077500,0.139306644,2175613,145655,602.4,52.6,0.066948947,0.087317397
Venezuela,1992,20445800,0.011166158,91593,14025,769.4,78.7,0.153123055,0.102287497
WORLD - reporting countries,1992,1831050505,1,15005348,1325472,49329.9,4583.7,0.088333306,0.0912694
Argentina,1993,33869100,0.019554892,264402,18537,752.9,53.1,0.070109152,0.070527294
Armenia,1993,3731300,0.002154328,27500,2345,865,65.1,0.085272727,0.075260116
Australia,1993,17657400,0.010194795,120788,6895,514.7,36.1,0.057083485,0.070137944
Azerbaijan,1993,7332500,0.004233542,52809,5906,909.9,81.7,0.111836997,0.089790087
Belarus,1993,10319400,0.005958078,128544,13514,974.9,124.8,0.105131317,0.12801313
Brazil,1993,157812220,0.091115526,876145,103572,918.9,71.8,0.118213309,0.078136903
Canada,1993,28947000,0.016713035,204912,13570,522.7,41.9,0.06622355,0.080160704
Colombia,1993,34536200,0.019940053,168647,44621,727.9,136.4,0.264582234,0.187388378
Croatia,1993,4778700,0.002759062,50846,4538,798.3,84.6,0.089249892,0.105975197
El Salvador,1993,5429500,0.003134813,28783,5640,856.1,126.4,0.195948998,0.147646303
Estonia,1993,1494128,0.00086266,21286,2755,1026.7,168.4,0.129427793,0.164020649
France,1993,57654400,0.033287732,532263,46716,516.1,59.6,0.087768641,0.115481496
Germany,1993,81179200,0.046870169,897270,42674,614.5,40.3,0.04755982,0.065581774
Guatemala,1993,9860063,0.005692872,73870,7573,1099.7,104.2,0.102517937,0.094753114
Hungary,1993,10357522,0.005980089,150244,12296,1000.9,94.8,0.081840207,0.094714757
Israel,1993,5261400,0.003037757,33000,1933,568.5,35.7,0.058575758,0.062796834
Italy,1993,56821250,0.032806699,552365,28401,542,36.3,0.051417088,0.06697417
Japan,1993,123787000,0.071470496,878532,59009,452.1,37.4,0.06716773,0.082725061
Kazakhstan,1993,17118100,0.009883421,156317,22612,1073.7,138.6,0.144654772,0.129086337
Kyrgyzstan,1993,4449700,0.002569109,34513,4106,1053.5,109.3,0.118969664,0.103749407
Latvia,1993,2586000,0.00149307,39229,5490,1093.2,193.3,0.139947488,0.176820344
Lithuania,1993,3682613,0.002126218,46107,6248,949.7,158.4,0.135510877,0.166789512
Mexico,1993,87975600,0.050794185,416029,58165,775.4,79.6,0.139809965,0.102656693
Netherlands,1993,15290400,0.008828168,137795,5220,578.3,27.1,0.037882361,0.046861491
Moldova,1993,4348087,0.002510441,46688,4538,1116.2,105.7,0.097198424,0.094696291
Russia,1993,146844500,0.084783129,2129339,335560,1186.5,211,0.15758881,0.177833965
Singapore,1993,2904500,0.001676962,13351,768,574.2,27.8,0.057523781,0.048415186
Spain,1993,39086100,0.022567014,339661,16431,535.4,36.3,0.048374703,0.067799776
Sweden,1993,8718600,0.00503383,96659,4513,524.7,38.1,0.04668991,0.072612922
Ukraine,1993,51924500,0.029979479,741664,68460,1036.2,121,0.09230595,0.116772824
United Kingdom,1993,58169860,0.033585342,658481,19494,614.4,27.2,0.029604499,0.044270833
United States,1993,257783000,0.148835328,2268553,151061,613.9,54,0.066589143,0.087962209
Venezuela,1993,20912600,0.01207424,93411,15041,749.4,80.8,0.16101958,0.107819589
WORLD - reporting countries,1993,1732001422,1,15145752,1399562,49521.3,4626.8,0.09240624,0.09302131
Argentina,1994,34318300,0.019005075,253983,18594,715.7,54.4,0.073209624,0.076009501
Armenia,1994,3746900,0.00207499,24652,2551,766.3,70.1,0.103480448,0.091478533
Australia,1994,17838400,0.009878698,126982,7214,525.2,37,0.056811202,0.070449353
Azerbaijan,1994,7392000,0.004093604,54921,7271,934.6,98.6,0.13239016,0.105499679
Belarus,1994,10308300,0.005708617,130003,14347,982.2,132.4,0.110358992,0.13479943
Brazil,1994,160260508,0.088750405,884879,107085,902.1,72.3,0.121016546,0.080146325
Canada,1994,29251300,0.01619903,207077,13196,513.6,40,0.063725088,0.07788162
Colombia,1994,35177700,0.019481001,168568,43287,711.1,129,0.256792511,0.181409085
Croatia,1994,4777000,0.002645447,49482,3715,776.2,67.5,0.075077806,0.086962123
Estonia,1994,1462514,0.000809923,22212,3549,1094.5,221.3,0.159778498,0.202192782
France,1994,57899500,0.03206407,519965,45057,496.9,56.9,0.086653909,0.114509962
Germany,1994,81422000,0.045090557,884661,40920,597.4,39.1,0.046255006,0.065450285
Guatemala,1994,10106463,0.005596842,74761,8415,1086.1,113,0.112558687,0.104041985
Hungary,1994,10343355,0.00572803,146889,11852,967.4,90.8,0.080686777,0.09385983
Israel,1994,5399300,0.00299007,33535,2068,554.8,37.1,0.061666915,0.066870944
Italy,1994,56842392,0.031478656,556325,27869,533.4,34.9,0.050094819,0.065429321
Japan,1994,124069000,0.068707969,875933,60894,435.2,37.9,0.069519016,0.087086397
Kazakhstan,1994,16899800,0.009358913,160591,21120,1146.6,130.6,0.131514219,0.113901971
Kyrgyzstan,1994,4440400,0.002459042,37109,4279,1176.9,117.5,0.115308955,0.099838559
Latvia,1994,2547700,0.001410887,41757,6009,1175.9,214.1,0.143904016,0.182073306
Lithuania,1994,3657144,0.002025284,46486,6918,968.4,177.3,0.148818999,0.183085502
Mexico,1994,89564100,0.049599557,418908,58553,771.2,78.5,0.139775321,0.101789419
Netherlands,1994,15382800,0.008518816,133471,5277,552.8,27,0.039536678,0.048842258
Moldova,1994,4348085,0.002407919,52122,4904,1237,113.8,0.09408695,0.091996766
Russia,1994,146876900,0.081338719,2301366,368365,1272.8,228.8,0.160063632,0.179761157
Singapore,1994,2959400,0.001638881,13870,829,575.4,29,0.059769286,0.050399722
Spain,1994,39149500,0.021680538,338242,16085,521.6,35.1,0.047554709,0.067292945
Sweden,1994,8780800,0.004862705,91450,4701,492.7,39.2,0.051405139,0.079561599
Ukraine,1994,51666700,0.028612418,764669,74885,1071.3,132.8,0.097931262,0.123961542
United Kingdom,1994,58370010,0.032324633,627636,19159,583.5,26.8,0.030525655,0.045929734
United States,1994,260341000,0.144173818,2278994,150940,606.5,53.5,0.066230977,0.088211047
Venezuela,1994,21378200,0.011838999,98991,15834,764.6,82.1,0.159953935,0.107376406
WORLD - reporting countries,1994,1805743955,1,15851520,1501144,52022.1,4883,0.094700319,0.094287422
Argentina,1995,34768400,0.019272277,266171,17743,747.7,51.2,0.066660155,0.068476662
Armenia,1995,3760000,0.002084185,24842,1706,757.4,46.9,0.06867402,0.061922366
Australia,1995,18063200,0.010012511,125106,7015,503,35.6,0.056072451,0.070775348
Azerbaijan,1995,7444300,0.004126408,50828,3524,881.5,50.4,0.069331864,0.057175269
Belarus,1995,10280800,0.005698693,133775,15066,1006.4,138,0.11262194,0.137122417
Brazil,1995,162755054,0.090215844,890258,114643,890.3,75.4,0.128775029,0.084690554
Canada,1995,29606100,0.016410792,210733,13563,506.5,40.3,0.064361064,0.079565647
Colombia,1995,37441980,0.020754255,169896,41532,677.8,116.7,0.244455432,0.172174683
Croatia,1995,4776000,0.002647358,50536,3847,761.2,71.1,0.076123951,0.09340515
El Salvador,1995,5588743,0.003097865,29161,5823,755.3,118.9,0.19968451,0.157420892
Estonia,1995,1436634,0.000796333,20828,2908,1027.4,183,0.139619743,0.178119525
France,1995,58139100,0.03222676,531618,44838,494.5,55.6,0.084342517,0.112436805
Germany,1995,81661000,0.045265052,884588,39367,586.3,37.4,0.044503204,0.063789869
Guatemala,1995,10357354,0.005741127,65159,8204,927.4,106.1,0.125907396,0.114405866
Hungary,1995,10328965,0.005725391,145431,11407,943.9,86.3,0.078435822,0.091429177
Israel,1995,5544900,0.003073563,35348,1937,560.3,33.3,0.054798008,0.059432447
Italy,1995,56844408,0.031509106,556690,28054,522.4,34.6,0.050394295,0.066232772
Japan,1995,124299000,0.068899484,922139,69877,441.9,42.1,0.075777079,0.095270423
Kazakhstan,1995,16539600,0.009167973,168884,23270,1204.4,148.2,0.137786883,0.123048821
Kyrgyzstan,1995,4481600,0.002484171,36916,4352,1164.2,117.4,0.117889262,0.10084178
Latvia,1995,2515700,0.001394464,38931,5194,1108.6,186.1,0.13341553,0.167869385
Lithuania,1995,3629102,0.002011627,45306,6539,942.5,168.1,0.144329669,0.178355438
Mexico,1995,91145200,0.050522186,430101,56855,770.8,74.2,0.132189881,0.096263622
Netherlands,1995,15459000,0.008568992,135675,5173,552.1,26.3,0.038127879,0.047636298
Moldova,1995,4338779,0.002405004,52872,4934,1258.2,114.9,0.093319716,0.091320935
Russia,1995,146893400,0.081423659,2203811,348507,1212.6,217.6,0.158138334,0.179449118
Singapore,1995,3013500,0.001670396,14461,836,581.3,28.6,0.057810663,0.049200069
Spain,1995,39209700,0.02173411,346227,16325,520.9,34.8,0.047151147,0.066807449
Sweden,1995,8827000,0.004892845,93641,4321,492.6,35.4,0.046144317,0.071863581
Ukraine,1995,51276600,0.028422846,792615,82697,1120.5,147,0.104334387,0.131191432
United Kingdom,1995,58578790,0.032470482,645493,19116,589.3,26.5,0.029614574,0.044968607
United States,1995,262755300,0.145646422,2312132,150809,603.3,52.7,0.065225082,0.087352892
WORLD - reporting countries,1995,1804062861,1,15964697,1489731,51946.5,4772.3,0.093314079,0.095008328
Argentina,1996,35219400,0.018909863,266216,18380,730.7,52.2,0.06904168,0.071438347
Armenia,1996,3773600,0.002026107,24935,1553,746,42.4,0.062281933,0.056836461
Australia,1996,18312200,0.009832115,128254,7596,497.5,37.8,0.059226223,0.075979899
Azerbaijan,1996,7488100,0.004020481,48242,2856,837.8,40.7,0.059201526,0.048579613
Belarus,1996,10250200,0.005503497,142943,15484,1055.7,141.3,0.108322898,0.133844842
Brazil,1996,165303155,0.088753923,908882,119008,871.1,76.4,0.13093889,0.0877052
Canada,1996,29671900,0.015931321,212859,13459,504.9,39.3,0.06322965,0.077837195
Colombia,1996,38049040,0.020429142,173506,42307,676.6,116.2,0.243835948,0.171741058
Croatia,1996,4493600,0.002412686,50636,3295,828.1,63.5,0.065072281,0.07668156
El Salvador,1996,5643363,0.003030012,28904,5501,735.5,111.4,0.190319679,0.151461591
Estonia,1996,1415594,0.000760055,19020,2326,920.6,144.6,0.122292324,0.157071475
France,1996,58374800,0.031342369,535775,43732,489.3,53.5,0.081623816,0.109339873
Germany,1996,81895700,0.043971119,882843,38516,575.9,36.1,0.043627236,0.062684494
Guatemala,1996,10612300,0.005697915,60618,7580,842.2,95.2,0.125045366,0.113037283
Hungary,1996,10311238,0.00553627,143130,10799,915.7,80.7,0.075448893,0.0881293
Israel,1996,5685100,0.003052422,34658,1969,515.7,32.7,0.05681228,0.063408959
Italy,1996,56844197,0.030520564,554576,28036,505.2,33.7,0.050553937,0.066706255
Japan,1996,124709000,0.066958269,896211,64329,413.6,37.9,0.071778856,0.091634429
Kazakhstan,1996,15920900,0.008548187,166028,23168,1229.8,153.3,0.139542728,0.124654415
Kyrgyzstan,1996,4543300,0.002439371,34562,3838,1087.9,101.3,0.111046814,0.093115176
Latvia,1996,2490700,0.001337297,34320,3887,968.1,141.2,0.113257576,0.145852701
Lithuania,1996,3601613,0.001933764,42896,5848,884,151,0.136329728,0.17081448
Mexico,1996,96181710,0.051641508,436185,55796,662.9,67.4,0.1279182,0.101674461
Netherlands,1996,15530500,0.008338575,137561,5317,551.3,27,0.038651944,0.04897515
Moldova,1996,4324693,0.002321997,50059,4691,1200,108.6,0.093709423,0.0905
Russia,1996,146538200,0.078678717,2082249,307224,1134.8,192.1,0.147544314,0.169280931
Singapore,1996,3068100,0.001647312,14427,755,562.3,25.6,0.052332432,0.045527299
Spain,1996,39270300,0.021084856,351449,16324,516.3,34.3,0.046447706,0.066434244
Sweden,1996,8841000,0.004746875,93815,4203,483.8,33.7,0.044800938,0.069656883
Ukraine,1996,50859100,0.027307069,776717,80352,1099.3,142.2,0.103450806,0.129355044
United Kingdom,1996,58771490,0.031555359,636007,19165,575.3,26.4,0.030133316,0.045889101
United States,1996,265283800,0.14243514,2314690,150298,590.9,51.6,0.064932237,0.08732442
Venezuela,1996,22649212,0.012160726,100045,15097,698.3,74.3,0.150902094,0.10640126
WORLD - reporting countries,1996,1862488423,1,16139804,1474617,51782.5,4651.4,0.091365236,0.094187619
Argentina,1997,35833965,0.019082983,270910,19015,684.5,52.5,0.070189362,0.07669832
Armenia,1997,3786000,0.002016193,23985,1434,695.6,38.7,0.059787367,0.055635423
Australia,1997,18517564,0.009861325,128695,7542,484.5,37,0.058603675,0.076367389
Azerbaijan,1997,7536200,0.00401332,46961,2650,811.8,37.1,0.056429803,0.045700912
Bahrain,1997,597834,0.00031837,1822,167,729.5,31.6,0.091657519,0.043317341
Belarus,1997,10220000,0.005442548,136653,15788,1016.2,142.7,0.115533505,0.140425113
Brazil,1997,167893835,0.089410011,903516,119452,830.1,75,0.132207952,0.09035056
Canada,1997,30008500,0.015980696,215668,13049,497.2,37.7,0.060505036,0.075824618
Colombia,1997,38645409,0.020580187,170532,40992,639.2,109.6,0.240377173,0.17146433
Croatia,1997,4572400,0.002434981,51964,3119,835.8,58.7,0.060022323,0.070232113
El Salvador,1997,5692300,0.003031372,29134,5086,733.6,103.9,0.174572664,0.141630316
Estonia,1997,1399535,0.000745307,18566,2313,898.9,146.5,0.12458257,0.162976972
France,1997,58609900,0.031212056,530319,43388,475.5,52.6,0.081814908,0.1106204
Germany,1997,82051700,0.043695728,860389,36801,555.3,34.7,0.042772513,0.062488745
Guatemala,1997,10871786,0.00578965,67691,8640,902.4,104.9,0.127638829,0.116245567
Hungary,1997,10290486,0.005480085,139434,10309,887,76.8,0.073934621,0.086583991
Israel,1997,5828900,0.003104116,36106,1857,519.6,30.1,0.051431895,0.057929176
Italy,1997,56876364,0.030288881,561207,28412,495,33.4,0.050626596,0.067474747
Japan,1997,124963000,0.066547668,913402,65537,405.5,37.8,0.071750445,0.093218249
Kazakhstan,1997,15751300,0.008388181,160138,21680,1195.5,144.4,0.135383232,0.120786282
Kyrgyzstan,1997,4604600,0.002452129,34540,3690,1061.7,94.9,0.106832658,0.089384949
Latvia,1997,2469100,0.001314892,33533,3884,936.4,141.4,0.115826201,0.151003845
Lithuania,1997,3575138,0.0019039,41143,5443,841.3,141.4,0.13229468,0.16807322
Mexico,1997,97925825,0.052149319,440259,55956,651,65.7,0.127097913,0.100921659
Netherlands,1997,15610600,0.008313253,135783,5149,534.7,26.2,0.0379208,0.048999439
Moldova,1997,3654208,0.001946008,42241,3876,1178.6,106.4,0.091759191,0.090276599
Russia,1997,146137600,0.077823968,2015779,274928,1084.1,171.9,0.136387967,0.158564708
Singapore,1997,3123500,0.001663385,14127,848,533.1,27.9,0.060026899,0.052335397
Spain,1997,39323300,0.02094119,349521,16493,498.5,34.3,0.047187437,0.068806419
Sweden,1997,8846200,0.004710946,93349,4375,475.4,33.9,0.046867133,0.071308372
Ukraine,1997,50442100,0.026862384,754151,74684,1063.9,132.4,0.099030565,0.124447786
United Kingdom,1997,58974740,0.031406348,629746,19286,563.3,26.4,0.030625046,0.046866679
United States,1997,267636100,0.142526655,2314245,149691,577.9,50.7,0.064682434,0.087731441
Venezuela,1997,23108003,0.012305912,98011,14220,664,68.4,0.145085756,0.103012048
WORLD - reporting countries,1997,1877796825,1,15653403,1401664,50558.5,4525.3,0.089543724,0.091552825
Argentina,1998,36241578,0.019083395,280180,19594,693.2,53.5,0.069933614,0.077178304
Armenia,1998,3794700,0.00199814,23210,1324,654.1,35.3,0.057044377,0.053967283
Australia,1998,18711271,0.009852622,127358,8198,466.2,39.2,0.064369729,0.084084084
Azerbaijan,1998,7913100,0.004166728,46299,2487,785.7,33.7,0.053716063,0.042891689
Bahrain,1998,618054,0.000325443,1997,181,793.9,35.1,0.090635954,0.044212117
Belarus,1998,10191500,0.005366445,137296,16899,1015.5,151.9,0.123084431,0.149581487
Brazil,1998,170516482,0.0897873,929023,117468,824.6,71.8,0.12644251,0.08707252
Canada,1998,30248412,0.015927629,218091,13262,489,37.6,0.060809479,0.076891616
Colombia,1998,39234059,0.020659118,175363,42753,615.1,108.3,0.243797152,0.176068932
Croatia,1998,4501200,0.002370156,52311,3173,858.4,60.8,0.060656458,0.07082945
El Salvador,1998,5736075,0.003020392,29934,5436,738.4,109.5,0.181599519,0.148293608
Estonia,1998,1386156,0.000729895,19446,2351,933.1,147.4,0.1208989,0.157968063
France,1998,58852600,0.030989474,534003,44108,490.3,53.3,0.082598787,0.108708954
Germany,1998,82029000,0.043193258,852382,34585,542.4,32.3,0.040574531,0.059550147
Guatemala,1998,11136814,0.00586421,70504,8799,915.1,103.9,0.12480143,0.113539504
Hungary,1998,10266570,0.005405974,140870,10314,890.7,77.6,0.073216441,0.087122488
Israel,1998,5970700,0.003143937,36953,2019,515.2,31.8,0.054636971,0.061723602
Italy,1998,56904379,0.029963617,574231,27800,493,33.1,0.048412573,0.067139959
Japan,1998,125252000,0.065952797,936484,74350,402.5,42.4,0.079392707,0.105341615
Kazakhstan,1998,15073000,0.007936851,154314,20899,1196.4,144.8,0.135431652,0.121029756
Kyrgyzstan,1998,4667100,0.002457512,34596,3679,1034.5,91.9,0.106341774,0.088835186
Latvia,1998,2449000,0.001289547,34200,3962,955,145.2,0.115847953,0.152041885
Lithuania,1998,3549332,0.001868939,40757,5358,827.5,139,0.13146208,0.167975831
Mexico,1998,99632299,0.052462466,444665,55975,641.1,64.1,0.125881281,0.099984402
Netherlands,1998,15707200,0.008270796,137482,4914,532.3,24.5,0.035742861,0.046026677
Moldova,1998,3652732,0.001923386,39922,3610,1109.8,100.1,0.090426331,0.090196432
Russia,1998,145747000,0.076744661,1988744,273953,1059.6,171.2,0.137751767,0.161570404
Singapore,1998,3180000,0.001674463,14546,792,531.2,25.3,0.054447958,0.047628012
Spain,1998,39371200,0.020731332,360511,16863,499.6,34.7,0.046775272,0.069455564
Sweden,1998,8851200,0.004660695,93628,4347,471.2,34,0.046428419,0.072156197
Ukraine,1998,50048100,0.026353369,719954,69912,1010.1,125.2,0.097106204,0.123948124
United Kingdom,1998,59193570,0.031169015,629172,19159,557.6,26.1,0.030451133,0.046807747
United States,1998,270298500,0.142328601,2337256,150445,569.4,50,0.064368216,0.087811732
Venezuela,1998,23565734,0.012408792,100963,15444,660.2,72.1,0.152966928,0.109209331
WORLD - reporting countries,1998,1899115832,1,15832803,1397567,51028.5,4499.4,0.088270346,0.091349763
Argentina,1999,36648054,0.01920538,289543,19671,701.6,52.9,0.067938096,0.075399088
Armenia,1999,3800800,0.001991806,24087,1114,663.6,29.3,0.046249014,0.044153104
Australia,1999,18925855,0.009918077,128079,8284,453.9,39.4,0.064678831,0.086803261
Azerbaijan,1999,7982800,0.004183379,46295,2195,792.5,30,0.047413328,0.03785489
Bahrain,1999,640904,0.000335865,1920,159,747.2,25,0.0828125,0.033458244
Belarus,1999,10035200,0.005258937,142025,17100,1061.3,155.1,0.120401338,0.146141525
Brazil,1999,173153066,0.090740708,938658,116778,808,70.1,0.124409529,0.086757426
Canada,1999,30509323,0.015988383,219530,13996,479.1,39,0.063754384,0.08140263
Colombia,1999,39819279,0.020867257,183553,43931,649,113.3,0.239336867,0.174576271
Croatia,1999,4553800,0.002386415,51953,2939,838.4,55.2,0.056570362,0.065839695
El Salvador,1999,5775660,0.003026729,28078,5069,680.1,100,0.180532801,0.1470372
Estonia,1999,1375654,0.00072091,18454,2251,877.4,139.1,0.121978975,0.158536585
France,1999,58622678,0.030721161,537459,43783,484.8,52.5,0.081462958,0.108292079
Germany,1999,82086600,0.043017408,846330,34063,530.2,31.8,0.040247894,0.059977367
Guatemala,1999,11408815,0.005978779,64563,7939,850.6,92.8,0.122965166,0.109099459
Hungary,1999,10067506,0.005275867,143210,10303,921.7,78.7,0.0719433,0.0853857
Israel,1999,6125200,0.003209906,37291,2155,502.7,33,0.057788743,0.065645514
Italy,1999,56909109,0.029823167,567741,27062,476.6,31.6,0.047666101,0.066302979
Japan,1999,125432000,0.065732526,982031,75242,406.5,42,0.076618763,0.103321033
Kazakhstan,1999,14926900,0.007822428,145792,17750,1139.1,123.3,0.121748793,0.10824335
Kyrgyzstan,1999,4836800,0.002534721,32851,3567,976.9,87,0.10858117,0.089057222
Latvia,1999,2431800,0.001274383,32844,3929,903.5,142.1,0.119626111,0.157277255
Lithuania,1999,3524238,0.001846874,40003,5268,807,136.8,0.131690123,0.169516729
Mexico,1999,101266570,0.053068654,443950,54523,627.5,61.4,0.12281338,0.097848606
Netherlands,1999,15812100,0.008286317,140487,5189,535.1,25.5,0.036935802,0.047654644
Moldova,1999,3647001,0.001911208,41314,3481,1134.9,95.2,0.084257153,0.083884043
Russia,1999,145169200,0.076075788,2144316,300156,1135.6,186.5,0.139977503,0.164230363
Singapore,1999,3229700,0.001692521,14490,788,511.7,24.4,0.054382333,0.04768419
Spain,1999,39626153,0.02076605,371102,16411,498.6,33.3,0.044222343,0.066787004
Sweden,1999,8858051,0.004642054,95076,4290,470.4,32.8,0.045121797,0.069727891
Ukraine,1999,49653600,0.026020924,739170,71239,1035.8,127.7,0.096377017,0.123286349
United Kingdom,1999,59453650,0.031156631,632062,19598,554.3,26.2,0.031006452,0.047266823
United States,1999,272690813,0.142903374,2391399,151109,570.9,49.5,0.063188535,0.086705202
Venezuela,1999,24023355,0.012589417,104625,17489,663.5,79.5,0.167158901,0.119819141
WORLD - reporting countries,1999,1908218159,1,16560395,1441560,50405.4,4414.1,0.087048648,0.092182221
Argentina,2000,37057453,0.018532375,277148,19355,661.8,51.6,0.069836333,0.077969175
Armenia,2000,3802400,0.001901574,24025,1102,620.9,28.6,0.045868887,0.046062168
Australia,2000,19153380,0.009578576,128784,8173,440.5,37.9,0.063462853,0.086038593
Azerbaijan,2000,8048600,0.004025092,46701,2097,821.2,27.9,0.044902679,0.033974671
Bahrain,2000,666855,0.000333493,2033,310,738.1,47,0.152484014,0.063677009
Belarus,2000,10004958,0.005003464,134867,15813,995.7,142.8,0.117248845,0.143416692
Brazil,2000,175786441,0.087910527,946391,118285,791.7,69.7,0.124985339,0.088038398
Canada,2000,30790834,0.015398448,218062,13249,462.9,36.2,0.06075795,0.078202636
Colombia,2000,40403959,0.020205957,187276,45945,645,115.5,0.245333091,0.179069767
Croatia,2000,4381400,0.002191131,50246,2905,818.6,57.2,0.057815548,0.069875397
Egypt,2000,68334905,0.03417418,382138,16709,820.3,25.9,0.043725042,0.031573814
El Salvador,2000,5811836,0.00290649,28167,5051,679.8,99.8,0.179323322,0.146807885
Estonia,2000,1369515,0.000684892,18403,2092,860.3,127.8,0.113677118,0.14855283
France,2000,58895702,0.029453649,530850,41436,471.6,49.2,0.078055948,0.1043257
Germany,2000,82187614,0.041101898,838797,34523,515.9,31.6,0.041157753,0.061252181
Guatemala,2000,11688660,0.005845481,67135,8718,852.8,96.4,0.129857749,0.1130394
Hungary,2000,10024221,0.005013097,135601,9541,867.4,72.4,0.070360838,0.083467835
Israel,2000,6289206,0.003145222,37688,2111,491.8,31.8,0.056012524,0.064660431
Italy,2000,56923524,0.028467366,560121,26100,461,30.4,0.046597075,0.065943601
Jamaica,2000,2600095,0.001300303,15779,417,624.7,16.8,0.02642753,0.026892909
Japan,2000,125612633,0.062818683,961653,73805,383.8,40.5,0.076748058,0.10552371
Kazakhstan,2000,14869021,0.007435974,148855,20921,1154,144.2,0.140546169,0.124956672
Kyrgyzstan,2000,4887550,0.002444256,34113,3434,1016.1,82.3,0.100665435,0.080995965
Latvia,2000,2367550,0.001184008,32205,3773,889.6,138,0.117155721,0.155125899
Lithuania,2000,3499536,0.001750113,38919,5102,785.5,132.7,0.131092782,0.168936983
Mexico,2000,102808590,0.051414417,437667,52102,605.4,57.7,0.119044845,0.095308887
Netherlands,2000,15925513,0.007964324,140527,5169,526.9,25.2,0.036782967,0.047826912
Moldova,2000,3639592,0.001820154,41224,3380,1120.6,91.3,0.081991073,0.08147421
Russia,2000,144500464,0.072264458,2225332,318716,1172.4,197.3,0.143221775,0.168287274
Singapore,2000,3273400,0.001637022,14715,845,501.7,25.5,0.057424397,0.050827188
Spain,2000,40173504,0.020090707,360391,16541,468.5,33.2,0.045897373,0.070864461
Sweden,2000,8872294,0.00443702,93516,4267,458,32.4,0.045628556,0.070742358
Ukraine,2000,49246400,0.024628048,758082,73575,1059,131.1,0.097054145,0.123796034
United Kingdom,2000,59703999,0.029857877,608366,19530,528.2,25.8,0.032102386,0.048845134
United States,2000,281421906,0.140738659,2403351,151268,560.4,48.1,0.062940453,0.085831549
Venezuela,2000,24481477,0.012243149,105948,20068,643.6,87.9,0.189413675,0.136575513
WORLD - reporting countries,2000,1999606272,1,17075070,1491873,50782.3,4370,0.087371413,0.091339996
Argentina,2001,37471535,0.019181453,285941,19895,661.7,52.1,0.06957729,0.078736588
Armenia,2001,3801222,0.001945823,24003,1101,619,28.2,0.045869266,0.045557351
Australia,2001,19413240,0.00993752,128657,7808,424,35.3,0.060688497,0.083254717
Azerbaijan,2001,8111200,0.004152074,45284,1978,772.5,25.7,0.043679887,0.033268608
Bahrain,2001,694893,0.000355712,1979,184,715.9,30.6,0.092976251,0.0427434
Belarus,2001,9970688,0.005103935,140299,16639,1030.8,149.4,0.118596711,0.144935972
Brazil,2001,178419396,0.091331812,961482,120854,773.2,69.9,0.125695541,0.090403518
Canada,2001,31021251,0.015879591,219538,13267,455.1,35.7,0.060431452,0.078444298
Colombia,2001,40988909,0.020981975,191372,47109,640.3,116.1,0.246164538,0.181321256
Croatia,2001,4437460,0.002271509,49552,2742,705.6,49.8,0.055335809,0.070578231
Egypt,2001,69599945,0.035627792,406489,17066,851.7,25.7,0.041983916,0.030174944
El Salvador,2001,5844738,0.002991886,29574,5699,687.7,109,0.19270305,0.158499346
Estonia,2001,1364101,0.000698275,18516,2330,869.4,143.3,0.125837114,0.164826317
France,2001,59192597,0.030300333,531072,41066,467.3,48.8,0.077326615,0.104429703
Germany,2001,82339777,0.042149235,828541,34201,501,30.8,0.041278585,0.061477046
Guatemala,2001,11976725,0.006130813,67947,8599,838.9,92.9,0.12655452,0.110740255
Hungary,2001,10187575,0.005214958,132183,9455,799.6,68.4,0.071529622,0.085542771
Israel,2001,6439042,0.003296107,37187,2271,471.7,33.7,0.061069729,0.071443714
Italy,2001,56960692,0.029157835,556892,26727,446.8,30.6,0.047993148,0.068487019
Jamaica,2001,2618325,0.001340305,16019,429,624.3,17.3,0.026780698,0.027711036
Japan,2001,125908000,0.064451546,970331,73131,372.8,39.4,0.075367065,0.105686695
Kazakhstan,2001,14861218,0.007607368,147547,21614,1160.7,148.1,0.146488915,0.127595417
Kyrgyzstan,2001,4927048,0.002522126,32677,3261,958.1,77.9,0.099794963,0.081306753
Latvia,2001,2337170,0.001196383,32991,3703,917.9,137.3,0.112242733,0.149580564
Lithuania,2001,3470818,0.001776691,40399,5498,813.4,142.4,0.136092478,0.175067617
Mexico,2001,104239563,0.053359603,441004,51130,595.6,55.5,0.115939991,0.093183345
Netherlands,2001,16046180,0.008213943,140377,5444,517.1,25.4,0.038781282,0.049120093
Moldova,2001,3631462,0.001858923,40076,3572,1081.5,96.5,0.089130652,0.089227924
Russia,2001,143769726,0.073594855,2254856,331634,1178.9,202.9,0.147075467,0.172109594
Singapore,2001,3325900,0.001702508,14449,792,471.3,23.9,0.054813482,0.0507108
Spain,2001,40614353,0.020790242,360131,15999,456.6,31.2,0.044425501,0.068331143
Sweden,2001,8896127,0.004553874,93808,4659,453.6,35.5,0.049665274,0.078262787
Ukraine,2001,48830244,0.024995907,745952,75318,1040.5,133.5,0.100968963,0.1283037
United Kingdom,2001,59050847,0.030227772,604393,20330,523.1,26.9,0.033637054,0.051424202
United States,2001,284796887,0.145785808,2416425,160099,551.5,50.1,0.066254488,0.090843155
Venezuela,2001,24940223,0.01276675,110528,21036,649.5,89.8,0.190322814,0.1382602
WORLD - reporting countries,2001,1953529567,1,16841864,1477800,52113.6,4499.9,0.087745632,0.092540331
Argentina,2002,37889443,0.018247098,291190,19660,658.5,50.6,0.067516055,0.076841306
Armenia,2002,3211604,0.00154667,25554,1071,821.5,33,0.041911247,0.04017042
Australia,2002,19666322,0.009471063,133047,7786,422.6,34.3,0.058520673,0.081164221
Azerbaijan,2002,8171950,0.003935512,46526,1869,781.4,24.1,0.040171087,0.030842078
Bahrain,2002,725365,0.000349327,2035,178,694.7,28.5,0.087469287,0.041024903
Belarus,2002,9924766,0.004779647,146658,17096,1074.2,151.9,0.116570525,0.141407559
Brazil,2002,181045592,0.087189369,982794,126430,759.6,71.2,0.128643439,0.093733544
Canada,2002,31372587,0.015108659,223603,13835,450.1,36.2,0.061873052,0.080426572
Colombia,2002,41572493,0.02002081,192074,48320,624.3,116,0.251569708,0.185808105
Croatia,2002,4443200,0.002139791,50569,2707,703.2,47.8,0.053530819,0.067974972
Egypt,2002,70908710,0.034148778,419533,17778,862.1,26.4,0.042375689,0.030622898
El Salvador,2002,5874301,0.002828992,27476,4683,623.8,88.6,0.170439656,0.142032703
Estonia,2002,1358644,0.000654307,18355,2009,849.7,126.8,0.109452465,0.14922914
France,2002,59678253,0.028740325,535140,40888,463.6,47.3,0.076406174,0.10202761
Germany,2002,82482309,0.039722483,841686,34296,502.4,30.5,0.040746787,0.060708599
Guatemala,2002,12272208,0.005910147,65985,8885,792.6,91.8,0.134651815,0.115821347
Hungary,2002,10158607,0.004892262,132833,9513,797.8,69.6,0.07161624,0.08723991
Israel,2002,6569957,0.003164012,38301,2435,472.8,35.5,0.063575364,0.075084602
Italy,2002,57157407,0.027526316,560390,26693,435.2,30.2,0.047632899,0.069393382
Jamaica,2002,2634779,0.001268878,14859,339,572,13.5,0.022814456,0.023601399
Japan,2002,126008000,0.06068393,982379,73327,364,38.9,0.074642271,0.106868132
Kazakhstan,2002,14854233,0.007153619,148700,20693,1157,140.1,0.139159381,0.121089023
Kyrgyzstan,2002,4965435,0.002391293,35235,3447,1030.9,81.2,0.097828863,0.078766127
Latvia,2002,2310173,0.001112551,32498,3666,901.9,137.2,0.112806942,0.152123295
Lithuania,2002,3443067,0.001658139,41072,5280,809.8,135.9,0.128554733,0.167819215
Mexico,2002,105578297,0.050845232,457680,51658,602.5,55.1,0.112869254,0.091452282
Netherlands,2002,16148929,0.007777129,142355,5318,515.2,25,0.037357311,0.048524845
Moldova,2002,3623062,0.001744823,41853,3564,1111.3,94.9,0.085155186,0.085395483
Russia,2002,142902918,0.068820318,2332272,339296,1207.2,205.4,0.145478743,0.170145792
Singapore,2002,3382900,0.001629164,14908,827,465.3,23.8,0.055473571,0.051149796
South Africa,2002,46272223,0.022284143,499494,51115,1535.5,125.3,0.102333562,0.081602084
Spain,2002,41314019,0.019896332,368618,15931,453.3,30.3,0.043218183,0.06684315
Sweden,2002,8924958,0.004298152,95071,4725,451.8,34.8,0.049699698,0.077025232
Ukraine,2002,47986270,0.023109608,754911,76311,1068.3,139.4,0.101086088,0.130487691
United Kingdom,2002,59323498,0.02856948,608045,19823,518.4,26.1,0.032601206,0.050347222
United States,2002,288368706,0.138874884,2443387,164112,545.7,50.5,0.067165783,0.09254169
Venezuela,2002,25399143,0.01223192,110293,23165,621.1,96.1,0.210031462,0.154725487
WORLD - reporting countries,2002,2076464069,1,17513019,1540933,52765.4,4546.5,0.087987856,0.092677825
Argentina,2003,38309475,0.018286831,301870,18863,665.1,47.7,0.062487163,0.071718539
Armenia,2003,3211267,0.001532882,26014,1039,826.2,31.9,0.039940032,0.038610506
Australia,2003,19872646,0.009486105,131784,7673,407.4,32.9,0.058224064,0.080756014
Azerbaijan,2003,8234100,0.003930505,49379,2109,809,27,0.042710464,0.033374536
Bahrain,2003,761595,0.000363543,2107,182,677.3,26.3,0.086378738,0.038830651
Belarus,2003,9873826,0.00471322,143203,16513,1040.8,146,0.11531183,0.14027671
Brazil,2003,183627339,0.087653564,1002312,126591,747.4,70.1,0.126298997,0.093791812
Canada,2003,31669150,0.015117106,226169,14101,442.9,36.1,0.062347183,0.081508241
Colombia,2003,42152147,0.02012111,189800,39366,612.5,94.8,0.207407798,0.15477551
Croatia,2003,4441800,0.00212027,52575,2859,720.7,50.5,0.054379458,0.070070765
Egypt,2003,72247626,0.034487032,437038,18618,884.7,27.2,0.042600415,0.030744885
El Salvador,2003,5900929,0.002816778,29395,4973,656.2,93.9,0.169178432,0.143096617
Estonia,2003,1353558,0.000646114,18152,1837,827.4,114.5,0.10120097,0.138385303
France,2003,60154851,0.028714608,552335,41674,468.7,46.4,0.075450587,0.098997226
Germany,2003,82520176,0.039390581,853946,34606,504.8,30.1,0.040524811,0.059627575
Guatemala,2003,12573346,0.006001822,66612,9382,786,93.2,0.140845493,0.118575064
Hungary,2003,10129551,0.004835289,135823,9435,806.6,67.5,0.069465407,0.083684602
Israel,2003,6689750,0.003193318,38359,2175,461.5,30.9,0.056701165,0.06695558
Italy,2003,57604658,0.027497287,588897,25684,444.8,28.6,0.043613739,0.064298561
Jamaica,2003,2649825,0.00126488,14609,345,549,13.6,0.023615579,0.024772313
Japan,2003,126140000,0.060212279,1014951,75638,363.1,39.8,0.074523795,0.109611677
Kazakhstan,2003,14909018,0.007116743,155302,21326,1190.1,141,0.137319545,0.118477439
Kyrgyzstan,2003,5010844,0.002391901,35945,3665,1041.4,86,0.10196133,0.082581141
Latvia,2003,2287955,0.001092144,32437,3373,887.4,124.1,0.103986189,0.139846743
Lithuania,2003,3415213,0.001630234,40990,5241,796.5,134.2,0.127860454,0.168487131
Mexico,2003,106888418,0.051022636,470692,51643,607.2,54.2,0.109717182,0.089262187
Netherlands,2003,16225303,0.007745065,141936,5404,505,25,0.038073498,0.04950495
Moldova,2003,3612874,0.001724587,43079,3726,1123.4,98.3,0.086492258,0.087502225
Russia,2003,143452532,0.068476327,2358632,335173,1233.6,201.1,0.14210483,0.163018807
Singapore,2003,3438200,0.001641207,15168,862,453.7,24.5,0.056830169,0.054000441
South Africa,2003,46971250,0.022421484,552824,52304,1634.7,124.4,0.09461239,0.07609959
Spain,2003,42004575,0.020050668,384828,16697,458,30.9,0.043388215,0.067467249
Sweden,2003,8958229,0.004276164,93003,4619,440,33.6,0.049665065,0.076363636
Ukraine,2003,47632594,0.022737173,765408,72576,1077.7,132.4,0.094820018,0.122854227
United Kingdom,2003,59557361,0.028429399,612085,20304,516.4,26.1,0.033171863,0.050542215
United States,2003,290810789,0.138817032,2448288,166857,538.5,50.7,0.068152521,0.094150418
Venezuela,2003,25857553,0.01234297,121864,25356,661.9,102.6,0.20806801,0.155008309
WORLD - reporting countries,2003,2094921527,1,17846458,1540486,52941,4478,0.086318865,0.091392775
Argentina,2004,38728778,0.019315863,293859,18019,634.4,44.9,0.061318524,0.070775536
Australia,2004,20132756,0.010041152,132314,7970,400.7,33,0.0602355,0.082355877
Azerbaijan,2004,8306500,0.004142842,49568,1964,792.6,24.4,0.039622337,0.030784759
Bahrain,2004,807989,0.000402982,2208,199,648.3,28.5,0.090126812,0.043961129
Brazil,2004,186116363,0.092824982,1024069,127400,738.9,69.7,0.12440568,0.094329409
Canada,2004,31989454,0.015954645,226584,13941,431.4,35,0.061526851,0.081131201
Colombia,2004,42724157,0.021308546,188781,38438,593.3,90.3,0.203611592,0.152199562
Croatia,2004,4439400,0.002214138,49756,2870,654.7,49,0.057681486,0.07484344
Egypt,2004,69330423,0.034578342,433968,16210,1583.2,29.4,0.037352985,0.018569985
El Salvador,2004,5925089,0.002955121,30058,5503,650,101.5,0.18307938,0.156153846
Estonia,2004,1349290,0.000672954,17685,1766,797.9,110.8,0.099858637,0.138864519
France,2004,60643307,0.030245669,509419,37431,429.4,42.2,0.073477825,0.098276665
Germany,2004,82501274,0.041147265,818271,33309,477.6,28.3,0.040706563,0.059254606
Guatemala,2004,12877711,0.00642272,66876,9772,776,94.3,0.146121179,0.121520619
Hungary,2004,10107145,0.005040908,132492,9097,778.2,65.3,0.068660749,0.083911591
Israel,2004,6808968,0.003395953,37757,2129,442.8,29.4,0.056386895,0.066395664
Jamaica,2004,2664049,0.001328687,14394,369,532.6,13.9,0.025635682,0.026098385
Japan,2004,126176000,0.062929904,1028602,73425,355.8,38,0.071383295,0.106801574
Kazakhstan,2004,15012985,0.007487682,152250,22128,1148.6,145.3,0.145339901,0.126501828
Kyrgyzstan,2004,5065027,0.002526167,35062,3601,988.2,83.3,0.102703782,0.084294677
Latvia,2004,2263122,0.001128725,32041,3181,871.7,118.9,0.099279049,0.136400138
Lithuania,2004,3377075,0.001684306,41340,5077,795.6,130.2,0.122810837,0.163650075
Mexico,2004,108257822,0.053993266,471679,50692,593.8,52.3,0.107471395,0.088076794
Netherlands,2004,16281779,0.008120489,136553,5226,478,23.7,0.038270855,0.04958159
Moldova,2004,3603945,0.001797457,41668,3661,1068.3,95.4,0.087861188,0.089300758
Russia,2004,143821213,0.071730402,2295402,327123,1191.8,195.3,0.142512292,0.163869777
Singapore,2004,3484900,0.001738084,14924,822,423.3,22.2,0.055079067,0.052445074
South Africa,2004,47667150,0.023773849,567487,52342,1602.3,121.7,0.092234712,0.075953317
Spain,2004,42691751,0.021292384,371934,17044,431.9,30,0.045825335,0.069460523
Sweden,2004,8993531,0.004485497,91079,5116,430.8,38.8,0.056171016,0.090064995
Ukraine,2004,47271271,0.023576406,761261,71329,1073.5,130.3,0.093698482,0.121378668
United Kingdom,2004,59845842,0.029847936,584791,20640,490.5,26.1,0.035294661,0.053211009
United States,2004,293655404,0.146459759,2397615,170067,519.2,51.1,0.070931738,0.098420647
Venezuela,2004,26314483,0.01312427,117218,23521,621,93.7,0.200660308,0.150885668
WORLD - reporting countries,2004,2005024497,1,16263697,1424150,49492.7,4162.8,0.087566191,0.090265049
Argentina,2005,39145491,0.019919692,293161,18436,621.6,45.2,0.062886946,0.072715573
Bahrain,2005,888844,0.0004523,2215,205,583.4,26.7,0.09255079,0.045766198
Brazil,2005,188479240,0.095910112,1006827,127563,702.6,68.8,0.126698033,0.097922004
Canada,2005,32299496,0.016436018,230132,14739,426.3,36.5,0.064045852,0.085620455
Colombia,2005,43285636,0.022026459,188837,34518,584.4,80.2,0.182792567,0.137234771
Croatia,2005,4441946,0.002260342,51790,2878,675.8,48.9,0.055570573,0.072358686
Egypt,2005,70668129,0.035960396,431638,16124,1550.3,28.3,0.037355376,0.018254531
El Salvador,2005,5947206,0.003026313,30933,6059,661.1,110.3,0.195874956,0.16684314
Estonia,2005,1346098,0.000684979,17316,1659,767.8,103.1,0.095807346,0.13427976
France,2005,60995911,0.031038562,527516,37808,430.3,41.5,0.07167176,0.096444341
Germany,2005,82464344,0.041963054,830227,33024,470.6,27.3,0.039777073,0.05801105
Guatemala,2005,13183505,0.006708598,70950,11505,798.9,105.2,0.162156448,0.131681061
Hungary,2005,10087065,0.005132934,135732,7990,781.9,58.4,0.058866001,0.074689858
Israel,2005,6930128,0.003526486,38897,2109,442.2,28.3,0.05422012,0.063998191
Jamaica,2005,2677888,0.001362678,17349,2600,628.1,92.3,0.149864546,0.146951122
Japan,2005,126204902,0.064221005,1083796,75380,358.7,38.5,0.069551834,0.107332032
Kazakhstan,2005,15147029,0.007707763,157119,22403,1167.6,145.6,0.142586193,0.12470024
Kyrgyzstan,2005,5115750,0.002603216,36992,3682,1023.9,82.9,0.099535035,0.080964938
Latvia,2005,2238799,0.001139242,32777,3216,888.7,120.5,0.098117582,0.135591313
Lithuania,2005,3322528,0.001690712,43799,5549,838.1,143.4,0.12669239,0.171101301
Mexico,2005,109747906,0.055846649,493957,52501,605.9,53,0.10628658,0.08747318
Netherlands,2005,16320010,0.008304649,136402,5343,466.7,23.5,0.03917098,0.050353546
Moldova,2005,3595187,0.001829458,44689,3896,1137.4,100.5,0.08718029,0.088359416
Russia,2005,143113885,0.072825361,2303935,315915,1189.3,188.5,0.137119754,0.158496595
Singapore,2005,3543900,0.00180336,15285,846,415,22.3,0.055348381,0.05373494
South Africa,2005,48352951,0.024605028,591213,52962,1633,120.4,0.089581927,0.073729333
Spain,2005,43398190,0.022083733,387355,16902,433.5,28.6,0.043634392,0.065974625
Sweden,2005,9029572,0.004594815,91775,4808,422.7,33.9,0.052388995,0.080198722
Ukraine,2005,46924816,0.023878303,781961,69954,1099.2,128.2,0.089459705,0.116630277
United Arab Emirates,2005,4481976,0.002280712,6361,1171,535.6,31,0.184090552,0.057879014
United Kingdom,2005,60238383,0.030653084,582964,20610,479.6,25.6,0.035353813,0.053377815
United States,2005,296410404,0.150832288,2448017,176406,518.2,52.2,0.072060774,0.100733308
Venezuela,2005,26769115,0.013621812,117788,22980,606.2,89.6,0.195096275,0.147806005
WORLD - reporting countries,2005,1965165475,1,16354462,1417581,48672.7,4195.8,0.086678547,0.091724856
Argentina,2006,39558750,0.019550371,292313,19091,606.5,46.4,0.06531013,0.076504534
Armenia,2006,3002161,0.001483701,27202,1323,746.7,41,0.04863613,0.054908263
Australia,2006,20394791,0.010079331,133739,8102,389.7,32.8,0.060580683,0.084167308
Bahrain,2006,960422,0.000474651,2317,272,551.3,29,0.117393181,0.052602939
Brazil,2006,190698241,0.094245177,1031696,128591,691.1,68,0.124640398,0.098393865
Canada,2006,32611436,0.016116932,228079,14523,408.7,34.9,0.063675305,0.085392709
Colombia,2006,43835744,0.021664109,192814,34321,577.6,78.4,0.17800056,0.135734072
Croatia,2006,4440022,0.002194308,50378,2753,641.6,46.4,0.05464687,0.072319202
Egypt,2006,72010572,0.03558842,442057,17105,1891.7,31.2,0.038694105,0.016493101
El Salvador,2006,5967556,0.002949232,31453,6348,648.4,114.9,0.201824945,0.177205429
Estonia,2006,1343547,0.000663996,17316,1628,755.2,100.4,0.094017094,0.132944915
France,2006,61597642,0.030442235,515952,36867,408.4,39.6,0.071454321,0.096963761
Germany,2006,82365810,0.040706093,821627,32280,452.8,26,0.039287901,0.057420495
Guatemala,2006,13490041,0.006666927,69756,12414,766.1,113.2,0.177963186,0.147761389
Hungary,2006,10071370,0.004977382,131603,7596,746.6,56.2,0.057719049,0.075274578
Israel,2006,7053707,0.00348602,38564,1960,424.5,25.7,0.050824603,0.060541814
Italy,2006,58941499,0.02912954,558614,24407,392.4,25.7,0.043692066,0.065494393
Jamaica,2006,2691444,0.001330141,13682,605,494.7,23,0.044218681,0.046492824
Japan,2006,126154000,0.0623467,1084450,73112,347,36.8,0.067418507,0.106051873
Kazakhstan,2006,15308084,0.007565424,157210,23005,1141.6,147,0.14633293,0.128766643
Kyrgyzstan,2006,5164206,0.002552208,38568,3831,1041.6,83.9,0.099331052,0.080549155
Latvia,2006,2218357,0.001096337,33115,3240,892.1,119.8,0.097840858,0.134289878
Lithuania,2006,3269909,0.001616025,44813,5340,849.7,137.8,0.11916185,0.162174885
Mexico,2006,111382857,0.055046638,493296,53995,584.4,53.3,0.109457608,0.091204654
Netherlands,2006,16346242,0.008078493,135372,5360,451.2,22.7,0.039594599,0.050310284
Moldova,2006,3585209,0.00177185,43137,3766,1064.2,95.8,0.087303243,0.090020673
Russia,2006,142487260,0.070418777,2166703,282785,1105.2,169,0.130513965,0.1529135
Singapore,2006,3608400,0.001783311,15414,832,399.6,20.9,0.053976904,0.052302302
South Africa,2006,49027805,0.024230083,607184,52474,1642.2,116.1,0.086421908,0.070697844
Spain,2006,44068244,0.021779013,371478,16139,406,26.5,0.043445372,0.065270936
Sweden,2006,9080505,0.004487686,91271,4623,413.3,32.5,0.050651357,0.078635374
Ukraine,2006,46607431,0.023033907,758092,64556,1053.4,118.7,0.085155891,0.112682742
United Arab Emirates,2006,5171255,0.002555691,6483,1129,512.5,25.8,0.174147771,0.050341463
United Kingdom,2006,60587349,0.029942937,572224,20853,464.2,25.6,0.036442023,0.055148643
United States,2006,299398484,0.147966037,2426299,182314,505.7,53.5,0.07514078,0.105793949
Venezuela,2006,27221228,0.013453031,121673,25536,602.4,97.1,0.209874007,0.161188579
WORLD - reporting countries,2006,2023427062,1,16805222,1415566,48823.8,4201.7,0.084233698,0.093694881
Argentina,2007,39969903,0.020430154,313772,19461,633.3,46.4,0.062022743,0.073267014
Australia,2007,21072452,0.01077094,137854,8232,377.7,32,0.059715351,0.084723325
Azerbaijan,2007,8581300,0.004386232,50439,2265,730.1,26.7,0.044905728,0.036570333
Bahrain,2007,1039300,0.000531226,2270,225,506.3,20.6,0.099118943,0.04068734
Belarus,2007,9702116,0.004959124,132993,14359,919.7,124.5,0.107968089,0.135370229
Brazil,2007,192784521,0.098539579,1047827,131234,675.7,68.2,0.125243957,0.100932366
Canada,2007,32982275,0.016858508,235217,14949,407.9,35.3,0.06355408,0.086540819
Colombia,2007,44374647,0.022681588,191663,32469,557.6,73.8,0.169406719,0.132352941
Croatia,2007,4435982,0.002267401,52367,2953,649.2,49.6,0.056390475,0.076401725
Egypt,2007,73435640,0.037535778,452831,17569,1901.5,32.2,0.038798139,0.016933999
El Salvador,2007,5986414,0.003059886,31349,6082,628.1,109.4,0.194009378,0.174176087
Estonia,2007,1341672,0.00068578,17409,1612,745.8,99.4,0.092595784,0.1332797
France,2007,61963276,0.031671812,520535,36645,398.5,38.5,0.070398724,0.096612296
Germany,2007,82262642,0.042047598,827155,30650,444.3,24.6,0.037054724,0.055367995
Guatemala,2007,13797629,0.007052499,68394,11589,730.2,103.3,0.169444688,0.141468091
Hungary,2007,10055780,0.005139896,132938,7438,741.8,54,0.055950894,0.072795902
Israel,2007,7180115,0.003670033,39948,1898,425,24.1,0.047511765,0.056705882
Italy,2007,59375289,0.030348992,572881,24459,388.3,25.3,0.042694731,0.065155807
Japan,2007,126085000,0.06444689,1108334,73826,341.4,36.3,0.066609885,0.106326889
Kazakhstan,2007,15484192,0.007914566,158294,22488,1129.5,141.5,0.142064766,0.125276671
Kyrgyzstan,2007,5207040,0.002661518,38181,3730,1007,80.2,0.09769257,0.079642502
Latvia,2007,2200325,0.001124671,33056,2850,877,106.4,0.086217328,0.121322691
Lithuania,2007,3231294,0.001651639,45624,5246,858.8,137.1,0.114983342,0.15964136
Mexico,2007,113139374,0.057829883,502075,52762,574.7,50.8,0.105087885,0.088393945
Netherlands,2007,16381696,0.008373314,133022,5211,433,21.8,0.039173971,0.05034642
Moldova,2007,3576910,0.001828296,43050,3647,1023.5,92.7,0.084715447,0.090571568
Russia,2007,142114904,0.07264039,2080445,259412,1045.2,155.8,0.124690631,0.14906238
Singapore,2007,3583100,0.00183146,16044,815,414.4,21,0.050797806,0.050675676
South Africa,2007,49693580,0.025400299,601133,54125,1591.8,118.3,0.090038311,0.074318382
Spain,2007,44873567,0.022936605,385361,15917,406.6,25.5,0.041304128,0.062715199
Sweden,2007,9148092,0.004675941,91820,4835,408.3,33.6,0.052657373,0.082292432
Ukraine,2007,46329000,0.023680533,762877,65978,1057.8,122.6,0.086485764,0.115900926
United Arab Emirates,2007,6010100,0.003071993,7414,1370,547.2,27.9,0.184785541,0.050986842
United Kingdom,2007,60975355,0.031166848,574687,20728,456.3,25,0.036068329,0.054788516
United States,2007,301579895,0.154149076,2423895,185125,497.2,53.7,0.076375008,0.108004827
Venezuela,2007,27670659,0.014143537,127459,28088,607.8,103.3,0.220368903,0.169957223
WORLD - reporting countries,2007,1956417144,1,16626347,1361201,47422.4,4070,0.081870119,0.094032693
Argentina,2008,40381860,0.019638532,299677,19647,596.2,46.6,0.065560587,0.078161691
Armenia,2008,3234031,0.001572776,27412,1321,795.5,37.5,0.048190573,0.047140163
Australia,2008,21498540,0.010455184,143946,8900,380.3,32.9,0.061828741,0.086510649
Bahrain,2008,1103496,0.000536653,2390,226,515,21.2,0.094560669,0.041165049
Belarus,2008,9680841,0.004707993,133879,14333,909.5,123.6,0.10705936,0.135898846
Brazil,2008,194769696,0.094720521,1075141,135637,668.7,69.4,0.126157406,0.10378346
Canada,2008,33363256,0.01622524,238617,15447,400.8,35.4,0.064735539,0.088323353
Colombia,2008,44901660,0.021836604,196748,33117,553.8,73.4,0.168321914,0.132538823
Croatia,2008,4434508,0.002156593,52151,3035,633.3,49.6,0.058196391,0.078319912
Egypt,2008,75097301,0.036521367,466381,18211,1604.4,29.2,0.039047474,0.01819995
El Salvador,2008,6004199,0.002919966,31594,5668,618.3,100.8,0.179401152,0.163027656
Estonia,2008,1340675,0.000651998,16675,1358,692.3,83.4,0.08143928,0.120468005
France,2008,62304840,0.030300129,532474,37038,395.7,37.9,0.069558326,0.095779631
Germany,2008,82119776,0.039936541,844439,31511,441.7,24.6,0.037315898,0.05569391
Guatemala,2008,14106687,0.006860373,67356,12402,709.7,107.8,0.184126136,0.151895167
Hungary,2008,10038188,0.004881778,130027,7366,712.4,52,0.056649773,0.072992701
Israel,2008,7308796,0.003554418,39241,2036,404.8,24.7,0.051884509,0.061017787
Italy,2008,59832179,0.029097623,581470,24325,381.3,24.1,0.041833629,0.063204826
Japan,2008,125947000,0.061250624,1142407,73523,339.2,35.7,0.064357974,0.105247642
Kazakhstan,2008,15673998,0.007622589,152706,19693,1068.7,122.5,0.128960224,0.114625246
Kyrgyzstan,2008,5250137,0.00255325,37711,3789,979.6,79.4,0.100474663,0.081053491
Latvia,2008,2177322,0.001058877,31031,2453,805.9,92.5,0.079049982,0.114778508
Lithuania,2008,3198231,0.001555366,43832,4785,806.6,125,0.109166819,0.154971485
Mexico,2008,114972821,0.055913655,536335,59655,592.8,55.7,0.111227125,0.093960864
Netherlands,2008,16445594,0.007997832,135136,5426,428.1,22.1,0.040152143,0.051623452
Moldova,2008,3570108,0.001736217,41948,3548,986.8,88.8,0.08458091,0.089987839
Russia,2008,141956409,0.06903633,2075954,244463,1026.4,145.9,0.117759353,0.142147311
Singapore,2008,3642700,0.00177152,16162,800,397.8,19.8,0.049498824,0.049773756
South Africa,2008,48793020,0.023729052,592073,52831,1603,117.9,0.089230551,0.073549595
Spain,2008,45593385,0.022173004,386324,15289,395.1,23.9,0.039575589,0.060491015
Sweden,2008,9219638,0.0044837,91542,4810,402.1,32.9,0.052544187,0.081820443
Ukraine,2008,46077834,0.022408601,754460,61377,1035.2,113.1,0.081352225,0.10925425
United Arab Emirates,2008,6900142,0.003355681,7578,1477,497.5,26.6,0.194906308,0.053467337
United Kingdom,2008,61383157,0.029851896,579697,21390,451.6,25.6,0.036898587,0.056687334
United States,2008,304473143,0.148071571,2471984,183816,499.3,52.3,0.074359705,0.104746645
Venezuela,2008,28116716,0.013673739,133651,30001,616,107.5,0.224472694,0.174512987
WORLD - reporting countries,2008,2056256592,1,17397739,1413842,46592.8,4011.1,0.081265847,0.092024187
Argentina,2009,40798641,0.019770462,301868,18404,589.1,43,0.060967045,0.072992701
Armenia,2009,3243729,0.001571867,27560,1222,790.8,35,0.044339623,0.044258978
Australia,2009,21951736,0.01063751,140760,9071,363.6,33.1,0.064443024,0.091034103
Bahrain,2009,1178415,0.000571044,2387,218,504.7,21.4,0.091328027,0.042401427
Belarus,2009,9668120,0.004685038,135097,13896,904.4,119.1,0.102859427,0.131689518
Brazil,2009,196701298,0.09531875,1103088,138891,663.6,70.1,0.125911079,0.105635925
Canada,2009,33746559,0.016353119,238418,15637,388.8,34.7,0.065586491,0.089248971
Colombia,2009,45416276,0.022008104,196683,35361,534.5,76.9,0.179786763,0.143872778
Croatia,2009,4429078,0.00214627,52414,2987,620.1,46.9,0.056988591,0.075632962
Egypt,2009,80442443,0.038981304,476591,17969,853.4,23.4,0.037703188,0.027419733
El Salvador,2009,6021368,0.002917872,32872,6544,625,114.2,0.199075201,0.18272
Estonia,2009,1340271,0.000649477,16099,1284,649.1,79.3,0.079756507,0.122169157
France,2009,62615899,0.030342805,537197,37661,389.5,37.9,0.070106497,0.097304236
Germany,2009,81874770,0.03967539,854544,31832,436.9,24.3,0.037250276,0.055619135
Guatemala,2009,14418033,0.006986781,71707,13439,720.7,113.2,0.187415455,0.157069516
Hungary,2009,10022650,0.004856839,130414,7187,702.4,50.2,0.055109114,0.071469248
Israel,2009,7485565,0.003627402,38595,1927,377.6,22.7,0.049928747,0.060116525
Italy,2009,60192698,0.029168555,588438,24642,375.6,23.5,0.041876969,0.06256656
Jamaica,2009,2729575,0.001322715,17222,2668,586.8,93.3,0.154918128,0.158997955
Japan,2009,125820000,0.060970646,1141865,73598,328.9,35.5,0.064454204,0.107935543
Kazakhstan,2009,15924939,0.007717007,142778,17258,978.2,105.8,0.120872964,0.108157841
Kyrgyzstan,2009,5380310,0.002607224,35898,3468,943.2,71.2,0.096607053,0.075487701
Latvia,2009,2141669,0.001037823,29932,2158,765.8,81.7,0.072096753,0.106685819
Lithuania,2009,3162916,0.001532706,42032,4168,749.4,108.9,0.099162543,0.145316253
Mexico,2009,116815612,0.056607243,550946,64549,586,58.2,0.117160302,0.099317406
Netherlands,2009,16530388,0.008010399,134235,5618,415.5,22.4,0.041851976,0.053910951
Moldova,2009,3565604,0.001727843,42139,3460,983.2,86,0.08210921,0.087469487
Russia,2009,141909244,0.068767272,2010543,224576,980,133.7,0.111699178,0.136428571
Singapore,2009,3733888,0.001809391,16013,762,374.9,18.4,0.047586336,0.049079755
South Africa,2009,50992034,0.02471004,572673,49357,1487.6,104.5,0.086187056,0.070247378
Spain,2009,45929477,0.022256794,384933,14496,382.1,21.5,0.037658502,0.056267993
Sweden,2009,9298515,0.004505933,90177,4717,392.4,32.1,0.052308238,0.081804281
Turkey,2009,72039206,0.034909211,281504,11289,457.8,16.5,0.04010245,0.03604194
Ukraine,2009,45872976,0.022229415,706739,48936,947.1,89.9,0.069241969,0.094921339
United Arab Emirates,2009,7705423,0.003733942,7788,1438,485.5,23.2,0.184643041,0.047785788
United Kingdom,2009,61791956,0.029943534,559617,21081,430.3,24.8,0.037670407,0.057634209
United States,2009,307231961,0.148880393,2437944,180171,484.2,50.4,0.073902846,0.104089219
Venezuela,2009,28558607,0.013839109,134733,29398,601.1,103.5,0.218194503,0.172184329
WORLD - reporting countries,2009,2063616006,1,17078805,1344575,45840.8,3978.5,0.078727698,0.092311954
Argentina,2010,41222875,0.019823928,316298,18640,601.6,43.1,0.058931767,0.071642287
Armenia,2010,2963496,0.001425134,27921,1249,740.1,38.2,0.044733355,0.051614647
Australia,2010,22297515,0.010722793,143473,8981,357.8,31.6,0.062597144,0.088317496
Bahrain,2010,1228285,0.000590678,2401,181,497.3,16.7,0.075385256,0.033581339
Brazil,2010,198614208,0.095512838,1136946,143440,662.8,71.5,0.126162544,0.107875679
Canada,2010,34126173,0.01641115,240075,16258,379.4,35.3,0.067720504,0.093041645
Colombia,2010,45918101,0.022081845,200522,33597,531.3,71.9,0.167547701,0.13532844
Croatia,2010,4417781,0.002124495,52096,2968,600.2,44.7,0.056971744,0.074475175
Egypt,2010,82040994,0.039453211,491609,19237,863.8,24.5,0.039130691,0.028363047
El Salvador,2010,6038306,0.002903799,32586,5757,605.5,99.4,0.176670963,0.16416185
Estonia,2010,1340160,0.000644478,15781,1135,617.1,69,0.071921931,0.11181332
France,2010,62932343,0.030263931,541576,37805,383.1,37,0.069805531,0.096580527
Germany,2010,81757471,0.039316866,858768,33312,429,24.7,0.038790453,0.057575758
Guatemala,2010,14732261,0.00708469,72748,13022,709.8,103.8,0.179001485,0.146238377
Hungary,2010,10000024,0.004808975,130456,7073,688.1,48.6,0.054217514,0.070629269
Israel,2010,7623561,0.003666142,39418,1981,372.8,23,0.050256228,0.061695279
Italy,2010,60483386,0.029086237,584615,24031,361.9,21.9,0.041105685,0.060513954
Jamaica,2010,2741253,0.001318258,15440,705,518.7,25.5,0.045660622,0.049161365
Japan,2010,126381728,0.060776506,1197012,75965,331,35.3,0.063462188,0.106646526
Kazakhstan,2010,16323287,0.007849808,145873,17746,1000.2,106.8,0.121653767,0.106778644
Kyrgyzstan,2010,5447960,0.002619904,36174,3954,944.5,80.1,0.109305026,0.084806776
Latvia,2010,2097555,0.001008706,30073,2108,755.2,80.7,0.070096099,0.10685911
Lithuania,2010,3097282,0.001489471,42120,4045,737.2,105.7,0.096035138,0.143380358
Mexico,2010,118617542,0.057042738,578572,69836,595,60.9,0.120704078,0.102352941
Netherlands,2010,16615394,0.007990282,136058,5749,410.2,22.2,0.042254039,0.054119941
Moldova,2010,3562045,0.001712974,43631,3692,1006.1,90.8,0.084618734,0.090249478
Russia,2010,142849468,0.068695781,2028516,216867,965.4,128.2,0.106909189,0.132794696
Singapore,2010,3771700,0.001813797,16475,762,368,17.6,0.046251897,0.047826087
South Africa,2010,51621594,0.024824634,543856,48238,1370.3,99.5,0.088696273,0.072611837
Spain,2010,46072831,0.022156254,382047,14066,368.8,20,0.03681746,0.054229935
Sweden,2010,9378126,0.004509906,90519,4659,387.1,30.4,0.051469857,0.078532679
Turkey,2010,73142150,0.03517379,294501,12981,456.7,18.7,0.044077949,0.040945916
Ukraine,2010,45690386,0.021972338,698235,43955,918.1,81.1,0.062951585,0.088334604
United Arab Emirates,2010,8329453,0.004005603,7413,1275,486.3,20.8,0.171995144,0.042771951
United Kingdom,2010,62261967,0.02994155,561666,20457,422.1,23.5,0.036422002,0.055674011
United States,2010,309876170,0.149018305,2469288,183636,478.4,50.6,0.074367996,0.105769231
Venezuela,2010,28995745,0.013943947,138504,27427,605.7,95.4,0.198023162,0.157503715
WORLD - reporting countries,2010,2079450377,1,17133586,1317737,41343.8,3477.8,0.076909586,0.090885814
Argentina,2011,41655616,0.02012192,316715,19529,589.8,44.6,0.061661115,0.075618854
Armenia,2011,2967984,0.001433697,27963,1363,719.7,41.3,0.048742982,0.057385022
Australia,2011,22618294,0.010925862,146932,9123,353.6,30.7,0.062089946,0.086821267
Bahrain,2011,1195020,0.000577259,2527,166,522.8,15.7,0.065690542,0.030030604
Belarus,2011,9473172,0.004576055,135090,13498,889.1,116.1,0.099918573,0.130581487
Brazil,2011,200517584,0.09686086,1170498,146034,654,71.6,0.124762281,0.109480122
Canada,2011,34499905,0.016665324,242074,15802,370.5,33.4,0.06527756,0.090148448
Colombia,2011,46406446,0.022416828,195823,31308,502.6,66.6,0.159879074,0.132510943
Croatia,2011,4402788,0.002126785,51019,2767,578.5,41.4,0.054234697,0.071564391
Egypt,2011,83787634,0.040473968,493069,21027,836.3,26,0.042645147,0.031089322
El Salvador,2011,6055208,0.002924994,33162,6020,595.7,101.7,0.18153308,0.170723519
Estonia,2011,1339928,0.000647258,15204,1134,587.9,70.3,0.074585635,0.11957816
France,2011,63224445,0.030540833,536628,37229,370.7,36.1,0.069375806,0.097383329
Germany,2011,81779210,0.03950379,852328,32988,416.8,24,0.03870341,0.057581574
Guatemala,2011,15049280,0.007269618,72354,12599,687.3,98,0.174129972,0.142586934
Hungary,2011,9971727,0.004816885,128795,6719,669.5,45.6,0.052168174,0.06811053
Israel,2011,7765832,0.003751318,40668,1919,368.9,21.5,0.047186977,0.058281377
Italy,2011,59379462,0.028683498,594153,23693,364.4,21.8,0.039876934,0.059824369
Jamaica,2011,2752358,0.001329538,16926,2053,560.3,69.1,0.121292686,0.123326789
Japan,2011,126180000,0.060951778,1253066,94114,338.6,43.2,0.075106978,0.12758417
Kazakhstan,2011,16548776,0.007993956,144197,16990,970.9,100.7,0.11782492,0.1037182
Kyrgyzstan,2011,5514754,0.002663925,35941,3617,929.2,72.2,0.100637155,0.077701248
Latvia,2011,2059709,0.000994951,28550,1840,711,70.6,0.064448336,0.099296765
Lithuania,2011,3028115,0.001462744,41037,3720,711.4,97.5,0.090649901,0.137053697
Mexico,2011,120365271,0.058142949,576662,72175,571.4,60.8,0.125159972,0.10640532
Netherlands,2011,16693074,0.008063659,135741,5855,399.2,22.2,0.043133615,0.055611222
Moldova,2011,3559986,0.001719666,39249,3071,893.2,75.5,0.078244032,0.084527541
Russia,2011,142960908,0.069057866,1925720,199358,900.7,117.5,0.103523877,0.130454091
Singapore,2011,3789300,0.001830437,16887,784,361.3,17.9,0.046426245,0.049543316
South Africa,2011,52237272,0.025233433,514486,46560,1267.1,94.4,0.090498089,0.074500829
Spain,2011,46125154,0.022280949,387911,14233,364.4,19.5,0.036691406,0.053512623
Sweden,2011,9449213,0.004564482,89941,4598,379,30,0.051122402,0.079155673
Turkey,2011,74223629,0.035854035,312249,12690,463.5,17.7,0.040640643,0.038187702
Ukraine,2011,45525731,0.021991395,664588,42380,864.6,77.8,0.063768831,0.089983808
United Kingdom,2011,62820962,0.030345929,552232,21057,407,24.2,0.038130713,0.059459459
United States,2011,312390368,0.150901477,2515458,190048,476,51.7,0.075552047,0.108613445
Venezuela,2011,29427631,0.014215141,143020,27292,605.5,93.5,0.190826458,0.154417836
WORLD - reporting countries,2011,2070161105,1,17069031,1324153,39426.5,3376.9,0.077576343,0.093899331
Argentina,2012,42095224,0.022358734,317144,20039,579.1,45.2,0.063185808,0.07805215
Armenia,2012,3024127,0.001606255,27600,1360,698.7,39.3,0.049275362,0.056247316
Bahrain,2012,1333577,0.000708325,2613,197,518.2,15,0.075392269,0.028946353
Brazil,2012,202401584,0.10750491,1181166,152084,634,73.4,0.128757516,0.115772871
Colombia,2012,46881018,0.024900693,199756,30746,496.4,64.5,0.15391778,0.129935536
Croatia,2012,4267558,0.002266699,51710,2951,573.3,44.1,0.057068265,0.076923077
Egypt,2012,85660902,0.045498496,529233,18735,839.2,22.5,0.035400287,0.026811249
El Salvador,2012,6072233,0.003225246,32122,4579,564.5,77.6,0.142550277,0.137466785
Estonia,2012,1329302,0.000706054,15473,1179,579.6,72.9,0.076197247,0.125776398
Germany,2012,81917349,0.04351012,869582,32931,412.9,23.1,0.037869919,0.05594575
Guatemala,2012,15368759,0.008163064,72657,12322,672.5,94.9,0.169591368,0.141115242
Hungary,2012,9920362,0.005269166,129440,6519,664.7,44,0.050363103,0.066195276
Israel,2012,7910525,0.004201648,41877,1801,370.5,19.6,0.043006901,0.052901484
Italy,2012,59539725,0.031624322,613520,23775,364.8,21.1,0.038751793,0.057839912
Japan,2012,125958000,0.066902161,1256359,73469,322.5,32.4,0.058477712,0.100465116
Kazakhstan,2012,16791428,0.00891871,142880,16497,943,96.8,0.115460526,0.102651113
Kyrgyzstan,2012,5607511,0.00297841,36186,3475,914.1,68.9,0.096031614,0.075374685
Latvia,2012,2034319,0.001080522,29049,1888,706,72.6,0.064993631,0.102832861
Lithuania,2012,2987773,0.001586945,40938,3659,695.8,96.8,0.089379061,0.139120437
Mexico,2012,122070963,0.064837575,587826,70458,565,58.4,0.119862,0.103362832
Netherlands,2012,16754962,0.008899341,140813,6337,402.4,23.3,0.045002947,0.057902584
Moldova,2012,3559519,0.001890626,39560,3085,883.9,75.8,0.077982811,0.085756307
Singapore,2012,3818200,0.002028024,17273,781,351.6,17.1,0.045215076,0.048634812
South Africa,2012,52837274,0.028064338,491100,48127,1175.2,95.3,0.097998371,0.08109258
Spain,2012,46766399,0.024839813,402950,14005,360,18.6,0.034756173,0.051666667
Sweden,2012,9519375,0.005056184,91990,4681,381.6,30.3,0.050885966,0.079402516
Turkey,2012,75175827,0.039929384,320967,13173,457.1,17.9,0.041041602,0.039159921
Ukraine,2012,45412987,0.024120953,663139,41713,853.4,76.4,0.062902348,0.089524256
United Kingdom,2012,63705030,0.033836709,569024,20784,408.9,23.4,0.0365257,0.057226706
United States,2012,314799465,0.167204661,2543279,192988,471.1,51.8,0.075881569,0.109955423
Venezuela,2012,29854238,0.015856977,148087,30308,603.5,101.6,0.204663475,0.168351284
WORLD - reporting countries,2012,1882719440,1,14321087,1042154,34175.8,2787,0.072770593,0.085458008
Argentina,2013,42538304,0.027364708,323327,20671,578.2,46.1,0.06393218,0.079730197
Bahrain,2013,1349427,0.000868081,2569,190,482,14,0.073958739,0.029045643
Brazil,2013,204259377,0.131399177,1210474,151646,626.5,72.2,0.125278197,0.115243416
Croatia,2013,4255689,0.002737666,50386,2758,548.1,40.4,0.054737427,0.073709177
Egypt,2013,87613909,0.05636165,511183,21337,791.1,25.1,0.041740433,0.031727974
Germany,2013,80645605,0.05187897,893825,34133,425.9,23.7,0.038187565,0.055646865
Guatemala,2013,15690793,0.01009382,74866,12357,664.8,92.1,0.165054898,0.138537906
Hungary,2013,9893082,0.006364177,126778,6124,640.3,40.7,0.048304911,0.063563954
Israel,2013,8059456,0.005184613,41479,1753,358.1,18.8,0.04226235,0.052499302
Japan,2013,125704000,0.080864842,1268436,71767,315.3,31.3,0.056579126,0.099270536
Kyrgyzstan,2013,5719852,0.003679556,34880,3156,856.4,60.5,0.090481651,0.070644559
Lithuania,2013,2963810,0.001906606,41511,3615,694,95.8,0.087085351,0.138040346
Mexico,2013,123740109,0.079601479,596129,66231,556.4,54.3,0.111101792,0.097591661
Netherlands,2013,16804432,0.010810219,141245,6443,393.5,23,0.045615774,0.058449809
Moldova,2013,3558566,0.00228921,38060,2839,833.3,68.1,0.074592748,0.081723269
Singapore,2013,3844751,0.002473312,17810,727,345.5,15.8,0.040819764,0.045730825
South Africa,2013,53416609,0.034362674,458933,46821,1085.3,91.7,0.102021428,0.084492767
Spain,2013,46593236,0.029973228,390419,14678,341.6,19,0.037595506,0.055620609
Sweden,2013,9600379,0.006175882,90505,4816,373.7,31,0.05321253,0.082954241
Turkey,2013,76054617,0.048925607,357533,19608,490,25.9,0.05484249,0.052857143
United Kingdom,2013,64105654,0.041238891,576458,22264,407.4,24.5,0.038622068,0.060137457
United States,2013,317135919,0.204012171,2596993,195710,471.2,51.8,0.075360234,0.109932088
WORLD - reporting countries,2013,1554495098,1,11791926,851764,23633.4,1860.7,0.072232814,0.08816286
